series,x,y,pixel_x,pixel_y
color_1,1.001650445,0.005751363316,105.000,477.000
color_1,1.003381827,0.005751363316,106.000,477.000
color_1,1.005113209,0.005751363316,107.000,477.000
color_1,1.006844592,0.005751363316,108.000,477.000
color_1,1.008575974,0.005751363316,109.000,477.000
color_1,1.010307356,0.005751363316,110.000,477.000
color_1,1.012038739,0.005751363316,111.000,477.000
color_1,1.013770121,0.005751363316,112.000,477.000
color_1,1.015501503,0.005751363316,113.000,477.000
color_1,1.017232886,0.005751363316,114.000,477.000
color_1,1.018964268,0.005751363316,115.000,477.000
color_1,1.020695651,0.005751363316,116.000,477.000
color_1,1.022427033,0.005751363316,117.000,477.000
color_1,1.024158415,0.05865605169,118.000,476.000
color_1,1.025889798,12.30609141,119.000,244.500
color_1,1.02762118,12.75578126,120.000,236.000
color_1,1.029352562,12.75578126,121.000,236.000
color_1,1.031083945,12.75578126,122.000,236.000
color_1,1.032815327,12.75578126,123.000,236.000
color_1,1.034546709,12.75578126,124.000,236.000
color_1,1.036278092,12.17382969,125.000,247.000
color_1,1.038009474,12.17382969,126.000,247.000
color_1,1.039740856,6.407218657,127.000,356.000
color_1,1.041472239,12.70287657,128.000,237.000
color_1,1.043203621,12.64997189,129.000,238.000
color_1,1.044935004,12.67642423,130.000,237.500
color_1,1.046666386,12.62351954,131.000,238.500
color_1,1.048397768,12.70287657,132.000,237.000
color_1,1.050129151,12.78223361,133.000,235.500
color_1,1.051860533,12.64997189,134.000,238.000
color_1,1.053591915,12.75578126,135.000,236.000
color_1,1.055323298,12.49125782,136.000,241.000
color_1,1.05705468,12.30609141,137.000,244.500
color_1,1.058786062,0.1115607401,138.000,475.000
color_1,1.060517445,0.08510839588,139.000,475.500
color_1,1.062248827,0.05865605169,140.000,476.000
color_1,1.06398021,0.03220370751,141.000,476.500
color_1,1.065711592,0.03220370751,142.000,476.500
color_1,1.067442974,0.03220370751,143.000,476.500
color_1,1.069174357,0.03220370751,144.000,476.500
color_1,1.070905739,0.03220370751,145.000,476.500
color_1,1.072637121,0.03220370751,146.000,476.500
color_1,1.074368504,0.03220370751,147.000,476.500
color_1,1.076099886,0.03220370751,148.000,476.500
color_1,1.077831268,0.03220370751,149.000,476.500
color_1,1.079562651,0.03220370751,150.000,476.500
color_1,1.081294033,0.03220370751,151.000,476.500
color_1,1.083025415,0.03220370751,152.000,476.500
color_1,1.084756798,0.03220370751,153.000,476.500
color_1,1.08648818,0.03220370751,154.000,476.500
color_1,1.088219563,0.03220370751,155.000,476.500
color_1,1.089950945,0.03220370751,156.000,476.500
color_1,1.091682327,0.03220370751,157.000,476.500
color_1,1.09341371,0.03220370751,158.000,476.500
color_1,1.095145092,0.03220370751,159.000,476.500
color_1,1.096876474,0.03220370751,160.000,476.500
color_1,1.098607857,0.03220370751,161.000,476.500
color_1,1.100339239,0.03220370751,162.000,476.500
color_1,1.102070621,0.03220370751,163.000,476.500
color_1,1.103802004,12.75578126,164.000,236.000
color_1,1.105533386,12.72932892,165.000,236.500
color_1,1.107264768,12.72932892,166.000,236.500
color_1,1.108996151,12.72932892,167.000,236.500
color_1,1.110727533,12.72932892,168.000,236.500
color_1,1.112458916,12.72932892,169.000,236.500
color_1,1.114190298,12.3589961,170.000,243.500
color_1,1.11592168,6.169147559,171.000,360.500
color_1,1.117653063,6.169147559,172.000,360.500
color_1,1.119384445,6.142695215,173.000,361.000
color_1,1.121115827,0.08510839588,174.000,475.500
color_1,1.12284721,0.08510839588,175.000,475.500
color_1,1.124578592,0.08510839588,176.000,475.500
color_1,1.126309974,0.08510839588,177.000,475.500
color_1,1.128041357,0.08510839588,178.000,475.500
color_1,1.129772739,0.1115607401,179.000,475.000
color_1,1.131504121,0.1115607401,180.000,475.000
color_1,1.133235504,12.33254376,181.000,244.000
color_1,1.134966886,12.33254376,182.000,244.000
color_1,1.136698269,12.75578126,183.000,236.000
color_1,1.138429651,12.75578126,184.000,236.000
color_1,1.140161033,12.72932892,185.000,236.500
color_1,1.141892416,12.78223361,186.000,235.500
color_1,1.143623798,12.78223361,187.000,235.500
color_1,1.14535518,12.75578126,188.000,236.000
color_1,1.147086563,0.05865605169,189.000,476.000
color_1,1.148817945,0.05865605169,190.000,476.000
color_1,1.150549327,0.05865605169,191.000,476.000
color_1,1.15228071,0.05865605169,192.000,476.000
color_1,1.154012092,0.05865605169,193.000,476.000
color_1,1.155743474,0.05865605169,194.000,476.000
color_1,1.157474857,0.05865605169,195.000,476.000
color_1,1.159206239,0.05865605169,196.000,476.000
color_1,1.160937622,0.05865605169,197.000,476.000
color_1,1.162669004,0.05865605169,198.000,476.000
color_1,1.164400386,0.05865605169,199.000,476.000
color_1,1.166131769,0.05865605169,200.000,476.000
color_1,1.167863151,0.05865605169,201.000,476.000
color_1,1.169594533,0.05865605169,202.000,476.000
color_1,1.171325916,0.05865605169,203.000,476.000
color_1,1.173057298,0.05865605169,204.000,476.000
color_1,1.17478868,0.05865605169,205.000,476.000
color_1,1.176520063,0.05865605169,206.000,476.000
color_1,1.178251445,0.05865605169,207.000,476.000
color_1,1.179982827,0.05865605169,208.000,476.000
color_1,1.18171421,0.05865605169,209.000,476.000
color_1,1.183445592,0.05865605169,210.000,476.000
color_1,1.185176975,0.05865605169,211.000,476.000
color_1,1.186908357,0.05865605169,212.000,476.000
color_1,1.188639739,0.05865605169,213.000,476.000
color_1,1.190371122,0.05865605169,214.000,476.000
color_1,1.192102504,0.05865605169,215.000,476.000
color_1,1.193833886,0.05865605169,216.000,476.000
color_1,1.195565269,0.1115607401,217.000,475.000
color_1,1.197296651,0.1115607401,218.000,475.000
color_1,1.199028033,0.1115607401,219.000,475.000
color_1,1.200759416,0.1115607401,220.000,475.000
color_1,1.202490798,0.1115607401,221.000,475.000
color_1,1.204222181,0.1115607401,222.000,475.000
color_1,1.205953563,0.1115607401,223.000,475.000
color_1,1.207684945,0.1115607401,224.000,475.000
color_1,1.209416328,0.1115607401,225.000,475.000
color_1,1.21114771,0.1115607401,226.000,475.000
color_1,1.212879092,0.1115607401,227.000,475.000
color_1,1.214610475,0.1115607401,228.000,475.000
color_1,1.216341857,0.1115607401,229.000,475.000
color_1,1.218073239,0.1115607401,230.000,475.000
color_1,1.219804622,0.1115607401,231.000,475.000
color_1,1.221536004,0.1115607401,232.000,475.000
color_1,1.223267386,0.1115607401,233.000,475.000
color_1,1.224998769,0.1115607401,234.000,475.000
color_1,1.226730151,0.1115607401,235.000,475.000
color_1,1.228461534,0.1115607401,236.000,475.000
color_1,1.230192916,0.1115607401,237.000,475.000
color_1,1.231924298,0.1115607401,238.000,475.000
color_1,1.233655681,0.1115607401,239.000,475.000
color_1,1.235387063,0.1115607401,240.000,475.000
color_1,1.237118445,0.1115607401,241.000,475.000
color_1,1.238849828,0.1115607401,242.000,475.000
color_1,1.24058121,0.1115607401,243.000,475.000
color_1,1.242312592,0.1115607401,244.000,475.000
color_1,1.244043975,0.1115607401,245.000,475.000
color_1,1.245775357,0.1115607401,246.000,475.000
color_1,1.247506739,0.1115607401,247.000,475.000
color_1,1.249238122,0.1380130843,248.000,474.500
color_1,1.250969504,0.1380130843,249.000,474.500
color_1,1.252700887,0.1380130843,250.000,474.500
color_1,1.254432269,0.1380130843,251.000,474.500
color_1,1.256163651,0.1644654285,252.000,474.000
color_1,1.257895034,0.1644654285,253.000,474.000
color_1,1.259626416,0.1644654285,254.000,474.000
color_1,1.261357798,0.1644654285,255.000,474.000
color_1,1.263089181,0.1644654285,256.000,474.000
color_1,1.264820563,0.1644654285,257.000,474.000
color_1,1.266551945,0.1644654285,258.000,474.000
color_1,1.268283328,0.1644654285,259.000,474.000
color_1,1.27001471,0.1644654285,260.000,474.000
color_1,1.271746092,0.1644654285,261.000,474.000
color_1,1.273477475,0.1644654285,262.000,474.000
color_1,1.275208857,0.1644654285,263.000,474.000
color_1,1.27694024,0.1644654285,264.000,474.000
color_1,1.278671622,0.1644654285,265.000,474.000
color_1,1.280403004,0.1644654285,266.000,474.000
color_1,1.282134387,0.1644654285,267.000,474.000
color_1,1.283865769,0.1644654285,268.000,474.000
color_1,1.285597151,0.1644654285,269.000,474.000
color_1,1.287328534,0.1644654285,270.000,474.000
color_1,1.289059916,0.1644654285,271.000,474.000
color_1,1.290791298,0.1644654285,272.000,474.000
color_1,1.292522681,0.1644654285,273.000,474.000
color_1,1.294254063,0.1644654285,274.000,474.000
color_1,1.295985445,0.1644654285,275.000,474.000
color_1,1.297716828,0.1644654285,276.000,474.000
color_1,1.29944821,0.1644654285,277.000,474.000
color_1,1.301179593,0.1909177726,278.000,473.500
color_1,1.302910975,0.1909177726,279.000,473.500
color_1,1.304642357,0.1909177726,280.000,473.500
color_1,1.30637374,0.1909177726,281.000,473.500
color_1,1.308105122,0.2173701168,282.000,473.000
color_1,1.309836504,0.2173701168,283.000,473.000
color_1,1.311567887,0.2173701168,284.000,473.000
color_1,1.313299269,0.2173701168,285.000,473.000
color_1,1.315030651,0.2173701168,286.000,473.000
color_1,1.316762034,0.2173701168,287.000,473.000
color_1,1.318493416,0.2173701168,288.000,473.000
color_1,1.320224798,0.2173701168,289.000,473.000
color_1,1.321956181,0.2173701168,290.000,473.000
color_1,1.323687563,0.2173701168,291.000,473.000
color_1,1.325418946,0.2173701168,292.000,473.000
color_1,1.327150328,0.2173701168,293.000,473.000
color_1,1.32888171,0.2173701168,294.000,473.000
color_1,1.330613093,0.2173701168,295.000,473.000
color_1,1.332344475,0.2173701168,296.000,473.000
color_1,1.334075857,0.2173701168,297.000,473.000
color_1,1.33580724,0.2173701168,298.000,473.000
color_1,1.337538622,0.2173701168,299.000,473.000
color_1,1.339270004,0.2173701168,300.000,473.000
color_1,1.341001387,0.2173701168,301.000,473.000
color_1,1.342732769,0.243822461,302.000,472.500
color_1,1.344464152,0.243822461,303.000,472.500
color_1,1.346195534,0.243822461,304.000,472.500
color_1,1.347926916,0.243822461,305.000,472.500
color_1,1.349658299,0.243822461,306.000,472.500
color_1,1.351389681,0.2702748052,307.000,472.000
color_1,1.353121063,0.2702748052,308.000,472.000
color_1,1.354852446,0.2702748052,309.000,472.000
color_1,1.356583828,0.2702748052,310.000,472.000
color_1,1.35831521,0.2702748052,311.000,472.000
color_1,1.360046593,0.2702748052,312.000,472.000
color_1,1.361777975,0.2702748052,313.000,472.000
color_1,1.363509357,0.2702748052,314.000,472.000
color_1,1.36524074,0.2702748052,315.000,472.000
color_1,1.366972122,0.2702748052,316.000,472.000
color_1,1.368703505,0.2702748052,317.000,472.000
color_1,1.370434887,0.2702748052,318.000,472.000
color_1,1.372166269,0.2702748052,319.000,472.000
color_1,1.373897652,0.2967271494,320.000,471.500
color_1,1.375629034,0.2967271494,321.000,471.500
color_1,1.377360416,0.2967271494,322.000,471.500
color_1,1.379091799,0.2967271494,323.000,471.500
color_1,1.380823181,0.3231794936,324.000,471.000
color_1,1.382554563,0.3231794936,325.000,471.000
color_1,1.384285946,0.3231794936,326.000,471.000
color_1,1.386017328,0.3231794936,327.000,471.000
color_1,1.38774871,0.3231794936,328.000,471.000
color_1,1.389480093,0.3231794936,329.000,471.000
color_1,1.391211475,0.3231794936,330.000,471.000
color_1,1.392942858,0.3496318378,331.000,470.500
color_1,1.39467424,0.3496318378,332.000,470.500
color_1,1.396405622,0.3496318378,333.000,470.500
color_1,1.398137005,0.4025365262,334.000,469.500
color_1,1.399868387,0.4025365262,335.000,469.500
color_1,1.401599769,0.4025365262,336.000,469.500
color_1,1.403331152,0.4025365262,337.000,469.500
color_1,1.405062534,0.4025365262,338.000,469.500
color_1,1.406793916,0.4025365262,339.000,469.500
color_1,1.408525299,0.4025365262,340.000,469.500
color_1,1.410256681,0.4025365262,341.000,469.500
color_1,1.411988063,0.4554412145,342.000,468.500
color_1,1.413719446,0.4554412145,343.000,468.500
color_1,1.415450828,0.4554412145,344.000,468.500
color_1,1.417182211,0.4818935587,345.000,468.000
color_1,1.418913593,0.4818935587,346.000,468.000
color_1,1.420644975,0.4818935587,347.000,468.000
color_1,1.422376358,0.4818935587,348.000,468.000
color_1,1.42410774,0.4818935587,349.000,468.000
color_1,1.425839122,0.4818935587,350.000,468.000
color_1,1.427570505,0.4818935587,351.000,468.000
color_1,1.429301887,0.5083459029,352.000,467.500
color_1,1.431033269,0.5083459029,353.000,467.500
color_1,1.432764652,0.5083459029,354.000,467.500
color_1,1.434496034,0.5083459029,355.000,467.500
color_1,1.436227416,0.5347982471,356.000,467.000
color_1,1.437958799,0.5347982471,357.000,467.000
color_1,1.439690181,0.5347982471,358.000,467.000
color_1,1.441421564,0.5612505913,359.000,466.500
color_1,1.443152946,0.5612505913,360.000,466.500
color_1,1.444884328,0.5612505913,361.000,466.500
color_1,1.446615711,0.5612505913,362.000,466.500
color_1,1.448347093,0.6141552797,363.000,465.500
color_1,1.450078475,0.6141552797,364.000,465.500
color_1,1.451809858,0.6141552797,365.000,465.500
color_1,1.45354124,0.6406076239,366.000,465.000
color_1,1.455272622,0.667059968,367.000,464.500
color_1,1.457004005,0.667059968,368.000,464.500
color_1,1.458735387,0.667059968,369.000,464.500
color_1,1.460466769,0.667059968,370.000,464.500
color_1,1.462198152,0.6935123122,371.000,464.000
color_1,1.463929534,0.7464170006,372.000,463.000
color_1,1.465660917,0.7464170006,373.000,463.000
color_1,1.467392299,0.7464170006,374.000,463.000
color_1,1.469123681,0.7728693448,375.000,462.500
color_1,1.470855064,0.799321689,376.000,462.000
color_1,1.472586446,0.799321689,377.000,462.000
color_1,1.474317828,0.799321689,378.000,462.000
color_1,1.476049211,0.8257740332,379.000,461.500
color_1,1.477780593,0.8522263774,380.000,461.000
color_1,1.479511975,0.8522263774,381.000,461.000
color_1,1.481243358,0.9051310658,382.000,460.000
color_1,1.48297474,0.9315834099,383.000,459.500
color_1,1.484706123,0.9315834099,384.000,459.500
color_1,1.486437505,0.9844880983,385.000,458.500
color_1,1.488168887,0.9844880983,386.000,458.500
color_1,1.48990027,1.037392787,387.000,457.500
color_1,1.491631652,1.037392787,388.000,457.500
color_1,1.493363034,1.037392787,389.000,457.500
color_1,1.495094417,1.063845131,390.000,457.000
color_1,1.496825799,1.090297475,391.000,456.500
color_1,1.498557181,1.116749819,392.000,456.000
color_1,1.500288564,1.116749819,393.000,456.000
color_1,1.502019946,1.169654508,394.000,455.000
color_1,1.503751328,1.196106852,395.000,454.500
color_1,1.505482711,1.24901154,396.000,453.500
color_1,1.507214093,1.24901154,397.000,453.500
color_1,1.508945476,1.301916229,398.000,452.500
color_1,1.510676858,1.301916229,399.000,452.500
color_1,1.51240824,1.354820917,400.000,451.500
color_1,1.514139623,1.407725605,401.000,450.500
color_1,1.515871005,1.43417795,402.000,450.000
color_1,1.517602387,1.460630294,403.000,449.500
color_1,1.51933377,1.513534982,404.000,448.500
color_1,1.521065152,1.56643967,405.000,447.500
color_1,1.522796534,1.56643967,406.000,447.500
color_1,1.524527917,1.592892015,407.000,447.000
color_1,1.526259299,1.619344359,408.000,446.500
color_1,1.527990681,1.698701391,409.000,445.000
color_1,1.529722064,1.778058424,410.000,443.500
color_1,1.531453446,1.778058424,411.000,443.500
color_1,1.533184829,1.830963112,412.000,442.500
color_1,1.534916211,1.857415457,413.000,442.000
color_1,1.536647593,1.883867801,414.000,441.500
color_1,1.538378976,1.989677178,415.000,439.500
color_1,1.540110358,1.989677178,416.000,439.500
color_1,1.54184174,2.042581866,417.000,438.500
color_1,1.543573123,2.095486554,418.000,437.500
color_1,1.545304505,2.201295931,419.000,435.500
color_1,1.547035887,2.254200619,420.000,434.500
color_1,1.54876727,2.280652964,421.000,434.000
color_1,1.550498652,2.333557652,422.000,433.000
color_1,1.552230034,2.38646234,423.000,432.000
color_1,1.553961417,2.492271717,424.000,430.000
color_1,1.555692799,2.545176405,425.000,429.000
color_1,1.557424182,2.57162875,426.000,428.500
color_1,1.559155564,2.624533438,427.000,427.500
color_1,1.560886946,2.730342815,428.000,425.500
color_1,1.562618329,2.809699847,429.000,424.000
color_1,1.564349711,2.809699847,430.000,424.000
color_1,1.566081093,2.862604536,431.000,423.000
color_1,1.567812476,2.968413913,432.000,421.000
color_1,1.569543858,3.074223289,433.000,419.000
color_1,1.57127524,3.127127978,434.000,418.000
color_1,1.573006623,3.180032666,435.000,417.000
color_1,1.574738005,3.259389699,436.000,415.500
color_1,1.576469387,3.338746731,437.000,414.000
color_1,1.57820077,3.418103764,438.000,412.500
color_1,1.579932152,3.550365485,439.000,410.000
color_1,1.581663535,3.550365485,440.000,410.000
color_1,1.583394917,3.656174861,441.000,408.000
color_1,1.585126299,3.735531894,442.000,406.500
color_1,1.586857682,3.867793615,443.000,404.000
color_1,1.588589064,3.894245959,444.000,403.500
color_1,1.590320446,4.000055336,445.000,401.500
color_1,1.592051829,4.105864713,446.000,399.500
color_1,1.593783211,4.211674089,447.000,397.500
color_1,1.595514593,4.317483466,448.000,395.500
color_1,1.597245976,4.34393581,449.000,395.000
color_1,1.598977358,4.502649875,450.000,392.000
color_1,1.60070874,4.608459252,451.000,390.000
color_1,1.602440123,4.714268629,452.000,388.000
color_1,1.604171505,4.84653035,453.000,385.500
color_1,1.605902888,4.84653035,454.000,385.500
color_1,1.60763427,4.978792071,455.000,383.000
color_1,1.609365652,5.111053792,456.000,380.500
color_1,1.611097035,5.216863169,457.000,378.500
color_1,1.612828417,5.34912489,458.000,376.000
color_1,1.614559799,5.375577234,459.000,375.500
color_1,1.616291182,5.507838955,460.000,373.000
color_1,1.618022564,5.66655302,461.000,370.000
color_1,1.619753946,5.798814741,462.000,367.500
color_1,1.621485329,5.798814741,463.000,367.500
color_1,1.623216711,5.931076462,464.000,365.000
color_1,1.624948094,6.116242871,465.000,361.500
color_1,1.626679476,6.248504592,466.000,359.000
color_1,1.628410858,6.30140928,467.000,358.000
color_1,1.630142241,6.407218657,468.000,356.000
color_1,1.631873623,6.565932722,469.000,353.000
color_1,1.633605005,6.671742099,470.000,351.000
color_1,1.635336388,6.80400382,471.000,348.500
color_1,1.63706777,6.936265541,472.000,346.000
color_1,1.638799152,6.962717885,473.000,345.500
color_1,1.640530535,7.12143195,474.000,342.500
color_1,1.642261917,7.280146015,475.000,339.500
color_1,1.643993299,7.465312425,476.000,336.000
color_1,1.645724682,7.465312425,477.000,336.000
color_1,1.647456064,7.62402649,478.000,333.000
color_1,1.649187447,7.782740555,479.000,330.000
color_1,1.650918829,7.915002276,480.000,327.500
color_1,1.652650211,8.073716341,481.000,324.500
color_1,1.654381594,8.100168685,482.000,324.000
color_1,1.656112976,8.25888275,483.000,321.000
color_1,1.657844358,8.417596816,484.000,318.000
color_1,1.659575741,8.602763225,485.000,314.500
color_1,1.661307123,8.629215569,486.000,314.000
color_1,1.663038505,8.76147729,487.000,311.500
color_1,1.664769888,8.920191355,488.000,308.500
color_1,1.66650127,9.105357764,489.000,305.000
color_1,1.668232652,9.343428862,490.000,300.500
color_1,1.669964035,9.396333551,491.000,299.500
color_1,1.671695417,9.475690583,492.000,298.000
color_1,1.6734268,9.660856992,493.000,294.500
color_1,1.675158182,9.872475746,494.000,290.500
color_1,1.676889564,10.00473747,495.000,288.000
color_1,1.678620947,10.00473747,496.000,288.000
color_1,1.680352329,10.18990388,497.000,284.500
color_1,1.682083711,10.34861794,498.000,281.500
color_1,1.683815094,10.50733201,499.000,278.500
color_1,1.685546476,10.61314138,500.000,276.500
color_1,1.687277858,10.69249842,501.000,275.000
color_1,1.689009241,10.87766483,502.000,271.500
color_1,1.690740623,11.06283123,503.000,268.000
color_1,1.692472005,11.2215453,504.000,265.000
color_1,1.694203388,11.27444999,505.000,264.000
color_1,1.69593477,11.4596164,506.000,260.500
color_1,1.697666153,11.64478281,507.000,257.000
color_1,1.699397535,11.85640156,508.000,253.000
color_1,1.701128917,11.98866328,509.000,250.500
color_1,1.7028603,12.06802031,510.000,249.000
color_1,1.704591682,12.22673438,511.000,246.000
color_1,1.706323064,12.41190079,512.000,242.500
color_1,1.708054447,12.54416251,513.000,240.000
color_1,1.709785829,12.75578126,514.000,236.000
color_1,1.711517211,12.80868595,515.000,235.000
color_1,1.713248594,13.0203047,516.000,231.000
color_1,1.714979976,13.20547111,517.000,227.500
color_1,1.716711358,13.44354221,518.000,223.000
color_1,1.718442741,13.46999456,519.000,222.500
color_1,1.720174123,13.54935159,520.000,221.000
color_1,1.721905506,13.78742269,521.000,216.500
color_1,1.723636888,13.9725891,522.000,213.000
color_1,1.72536827,14.13130316,523.000,210.000
color_1,1.727099653,14.21066019,524.000,208.500
color_1,1.728831035,14.34292191,525.000,206.000
color_1,1.730562417,14.55454067,526.000,202.000
color_1,1.7322938,14.79261177,527.000,197.500
color_1,1.734025182,14.97777817,528.000,194.000
color_1,1.735756564,14.97777817,529.000,194.000
color_1,1.737487947,15.21584927,530.000,189.500
color_1,1.739219329,15.40101568,531.000,186.000
color_1,1.740950711,15.61263443,532.000,182.000
color_1,1.742682094,15.63908678,533.000,181.500
color_1,1.744413476,15.82425319,534.000,178.000
color_1,1.746144859,16.0094196,535.000,174.500
color_1,1.747876241,16.16813366,536.000,171.500
color_1,1.749607623,16.37975242,537.000,167.500
color_1,1.751339006,16.4326571,538.000,166.500
color_1,1.753070388,16.64427586,539.000,162.500
color_1,1.75480177,16.82944227,540.000,159.000
color_1,1.756533153,17.06751337,541.000,154.500
color_1,1.758264535,17.09396571,542.000,154.000
color_1,1.759995917,17.27913212,543.000,150.500
color_1,1.7617273,17.43784618,544.000,147.500
color_1,1.763458682,17.64946494,545.000,143.500
color_1,1.765190065,17.86108369,546.000,139.500
color_1,1.766921447,18.0462501,547.000,136.000
color_1,1.768652829,18.12560713,548.000,134.500
color_1,1.770384212,18.31077354,549.000,131.000
color_1,1.772115594,18.54884464,550.000,126.500
color_1,1.773846976,18.78691574,551.000,122.000
color_1,1.775578359,18.81336808,552.000,121.500
color_1,1.777309741,18.97208215,553.000,118.500
color_1,1.779041123,19.1837009,554.000,114.500
color_1,1.780772506,19.39531965,555.000,110.500
color_1,1.782503888,19.55403372,556.000,107.500
color_1,1.78423527,19.60693841,557.000,106.500
color_1,1.785966653,19.84500951,558.000,102.000
color_1,1.787698035,19.95081888,559.000,100.000
color_1,1.789429418,20.21534232,560.000,95.000
color_1,1.7911608,20.24179467,561.000,94.500
color_1,1.792892182,20.42696108,562.000,91.000
color_1,1.794623565,20.66503218,563.000,86.500
color_1,1.796354947,20.90310327,564.000,82.000
color_1,1.798086329,21.11472203,565.000,78.000
color_1,1.799817712,21.2205314,566.000,76.000
color_1,1.801549094,21.37924547,567.000,73.000
color_1,1.803280476,21.64376891,568.000,68.000
color_1,1.805011859,21.77603063,569.000,65.500
color_1,1.806743241,22.01410173,570.000,61.000
color_1,1.808474623,22.09345876,571.000,59.500
color_1,1.810206006,22.19926814,572.000,57.500
color_1,1.811937388,22.46379158,573.000,52.500
color_1,1.813668771,22.70186268,574.000,48.000
color_1,1.815400153,22.78121971,575.000,46.500
color_1,1.817131535,22.93993378,576.000,43.500
color_1,1.818862918,23.17800487,577.000,39.000
color_1,1.8205943,23.36317128,578.000,35.500
color_1,1.822325682,23.57479004,579.000,31.500
color_1,1.824057065,23.60124238,580.000,31.000
color_1,1.825788447,23.83931348,581.000,26.500
color_1,1.827519829,24.02447989,582.000,23.000
color_1,1.829251212,24.28900333,583.000,18.000
color_1,1.830982594,24.50062208,584.000,14.000
color_1,1.832713976,24.52707443,585.000,13.500
color_1,1.834445359,24.71224084,586.000,10.000
color_1,1.836176741,24.79159787,587.000,8.500
color_1,1.837908124,24.89740725,588.000,6.500
color_2,1.347926916,-0.04715332506,305.000,478.000
color_2,1.349658299,-0.04715332506,306.000,478.000
color_2,1.351389681,-0.04715332506,307.000,478.000
color_2,1.353121063,-0.02070098087,308.000,477.500
color_2,1.354852446,-0.02070098087,309.000,477.500
color_2,1.356583828,-0.02070098087,310.000,477.500
color_2,1.35831521,-0.02070098087,311.000,477.500
color_2,1.360046593,-0.02070098087,312.000,477.500
color_2,1.361777975,-0.02070098087,313.000,477.500
color_2,1.363509357,-0.02070098087,314.000,477.500
color_2,1.36524074,-0.02070098087,315.000,477.500
color_2,1.366972122,-0.02070098087,316.000,477.500
color_2,1.368703505,0.03220370751,317.000,476.500
color_2,1.370434887,0.03220370751,318.000,476.500
color_2,1.372166269,0.03220370751,319.000,476.500
color_2,1.373897652,0.03220370751,320.000,476.500
color_2,1.375629034,0.03220370751,321.000,476.500
color_2,1.377360416,0.03220370751,322.000,476.500
color_2,1.379091799,0.03220370751,323.000,476.500
color_2,1.380823181,0.03220370751,324.000,476.500
color_2,1.382554563,0.05865605169,325.000,476.000
color_2,1.384285946,0.08510839588,326.000,475.500
color_2,1.386017328,0.08510839588,327.000,475.500
color_2,1.38774871,0.08510839588,328.000,475.500
color_2,1.389480093,0.08510839588,329.000,475.500
color_2,1.391211475,0.08510839588,330.000,475.500
color_2,1.392942858,0.1115607401,331.000,475.000
color_2,1.39467424,0.1115607401,332.000,475.000
color_2,1.396405622,0.1115607401,333.000,475.000
color_2,1.398137005,0.1380130843,334.000,474.500
color_2,1.399868387,0.1380130843,335.000,474.500
color_2,1.401599769,0.1380130843,336.000,474.500
color_2,1.403331152,0.1380130843,337.000,474.500
color_2,1.405062534,0.1380130843,338.000,474.500
color_2,1.406793916,0.1644654285,339.000,474.000
color_2,1.408525299,0.1909177726,340.000,473.500
color_2,1.410256681,0.1909177726,341.000,473.500
color_2,1.411988063,0.2173701168,342.000,473.000
color_2,1.413719446,0.2173701168,343.000,473.000
color_2,1.415450828,0.243822461,344.000,472.500
color_2,1.417182211,0.2702748052,345.000,472.000
color_2,1.418913593,0.2702748052,346.000,472.000
color_2,1.420644975,0.2702748052,347.000,472.000
color_2,1.422376358,0.2702748052,348.000,472.000
color_2,1.42410774,0.2702748052,349.000,472.000
color_2,1.425839122,0.2967271494,350.000,471.500
color_2,1.427570505,0.2967271494,351.000,471.500
color_2,1.429301887,0.3231794936,352.000,471.000
color_2,1.431033269,0.3231794936,353.000,471.000
color_2,1.432764652,0.3231794936,354.000,471.000
color_2,1.434496034,0.3231794936,355.000,471.000
color_2,1.436227416,0.3231794936,356.000,471.000
color_2,1.437958799,0.3231794936,357.000,471.000
color_2,1.439690181,0.3231794936,358.000,471.000
color_2,1.441421564,0.3231794936,359.000,471.000
color_2,1.443152946,0.3231794936,360.000,471.000
color_2,1.444884328,0.3231794936,361.000,471.000
color_2,1.446615711,0.3231794936,362.000,471.000
color_2,1.448347093,0.3231794936,363.000,471.000
color_2,1.450078475,0.3231794936,364.000,471.000
color_2,1.451809858,0.3231794936,365.000,471.000
color_2,1.45354124,0.3231794936,366.000,471.000
color_2,1.455272622,0.3231794936,367.000,471.000
color_2,1.457004005,0.3231794936,368.000,471.000
color_2,1.458735387,0.3231794936,369.000,471.000
color_2,1.460466769,0.3231794936,370.000,471.000
color_2,1.462198152,0.3231794936,371.000,471.000
color_2,1.463929534,0.3231794936,372.000,471.000
color_2,1.465660917,0.3231794936,373.000,471.000
color_2,1.467392299,0.3231794936,374.000,471.000
color_2,1.469123681,0.3231794936,375.000,471.000
color_2,1.470855064,0.3231794936,376.000,471.000
color_2,1.472586446,0.3231794936,377.000,471.000
color_2,1.474317828,0.3231794936,378.000,471.000
color_2,1.476049211,0.3231794936,379.000,471.000
color_2,1.477780593,0.3231794936,380.000,471.000
color_2,1.479511975,0.3231794936,381.000,471.000
color_2,1.481243358,0.3231794936,382.000,471.000
color_2,1.48297474,0.3231794936,383.000,471.000
color_2,1.484706123,0.3231794936,384.000,471.000
color_2,1.486437505,0.3231794936,385.000,471.000
color_2,1.488168887,0.3231794936,386.000,471.000
color_2,1.48990027,0.3231794936,387.000,471.000
color_2,1.491631652,0.3231794936,388.000,471.000
color_2,1.493363034,0.2967271494,389.000,471.500
color_2,1.495094417,0.2967271494,390.000,471.500
color_2,1.496825799,0.2967271494,391.000,471.500
color_2,1.498557181,0.2967271494,392.000,471.500
color_2,1.500288564,0.2967271494,393.000,471.500
color_2,1.502019946,0.2967271494,394.000,471.500
color_2,1.503751328,0.2967271494,395.000,471.500
color_2,1.505482711,0.2967271494,396.000,471.500
color_2,1.507214093,0.2967271494,397.000,471.500
color_2,1.508945476,0.2967271494,398.000,471.500
color_2,1.510676858,0.2967271494,399.000,471.500
color_2,1.51240824,0.2967271494,400.000,471.500
color_2,1.514139623,0.3231794936,401.000,471.000
color_2,1.515871005,0.3231794936,402.000,471.000
color_2,1.517602387,0.3231794936,403.000,471.000
color_2,1.51933377,0.3231794936,404.000,471.000
color_2,1.521065152,0.3231794936,405.000,471.000
color_2,1.522796534,0.3231794936,406.000,471.000
color_2,1.524527917,0.3231794936,407.000,471.000
color_2,1.526259299,0.3231794936,408.000,471.000
color_2,1.527990681,0.3496318378,409.000,470.500
color_2,1.529722064,0.4025365262,410.000,469.500
color_2,1.531453446,0.4025365262,411.000,469.500
color_2,1.533184829,0.4025365262,412.000,469.500
color_2,1.534916211,0.4025365262,413.000,469.500
color_2,1.536647593,0.4554412145,414.000,468.500
color_2,1.538378976,0.4818935587,415.000,468.000
color_2,1.540110358,0.4818935587,416.000,468.000
color_2,1.54184174,0.4818935587,417.000,468.000
color_2,1.543573123,0.5083459029,418.000,467.500
color_2,1.545304505,0.5347982471,419.000,467.000
color_2,1.547035887,0.5347982471,420.000,467.000
color_2,1.54876727,0.5347982471,421.000,467.000
color_2,1.550498652,0.5877029355,422.000,466.000
color_2,1.552230034,0.6141552797,423.000,465.500
color_2,1.553961417,0.6406076239,424.000,465.000
color_2,1.555692799,0.667059968,425.000,464.500
color_2,1.557424182,0.667059968,426.000,464.500
color_2,1.559155564,0.7464170006,427.000,463.000
color_2,1.560886946,0.7728693448,428.000,462.500
color_2,1.562618329,0.799321689,429.000,462.000
color_2,1.564349711,0.8257740332,430.000,461.500
color_2,1.566081093,0.8522263774,431.000,461.000
color_2,1.567812476,0.9315834099,432.000,459.500
color_2,1.569543858,0.9844880983,433.000,458.500
color_2,1.57127524,1.037392787,434.000,457.500
color_2,1.573006623,1.037392787,435.000,457.500
color_2,1.574738005,1.063845131,436.000,457.000
color_2,1.576469387,1.143202163,437.000,455.500
color_2,1.57820077,1.169654508,438.000,455.000
color_2,1.579932152,1.24901154,439.000,453.500
color_2,1.581663535,1.275463884,440.000,453.000
color_2,1.583394917,1.328368573,441.000,452.000
color_2,1.585126299,1.354820917,442.000,451.500
color_2,1.586857682,1.43417795,443.000,450.000
color_2,1.588589064,1.460630294,444.000,449.500
color_2,1.590320446,1.513534982,445.000,448.500
color_2,1.592051829,1.56643967,446.000,447.500
color_2,1.593783211,1.698701391,447.000,445.000
color_2,1.595514593,1.698701391,448.000,445.000
color_2,1.597245976,1.725153736,449.000,444.500
color_2,1.598977358,1.830963112,450.000,442.500
color_2,1.60070874,1.883867801,451.000,441.500
color_2,1.602440123,1.963224833,452.000,440.000
color_2,1.604171505,2.042581866,453.000,438.500
color_2,1.605902888,2.042581866,454.000,438.500
color_2,1.60763427,2.121938898,455.000,437.000
color_2,1.609365652,2.254200619,456.000,434.500
color_2,1.611097035,2.333557652,457.000,433.000
color_2,1.612828417,2.360009996,458.000,432.500
color_2,1.614559799,2.439367029,459.000,431.000
color_2,1.616291182,2.518724061,460.000,429.500
color_2,1.618022564,2.598081094,461.000,428.000
color_2,1.619753946,2.730342815,462.000,425.500
color_2,1.621485329,2.730342815,463.000,425.500
color_2,1.623216711,2.836152192,464.000,423.500
color_2,1.624948094,3.021318601,465.000,420.000
color_2,1.626679476,3.074223289,466.000,419.000
color_2,1.628410858,3.100675633,467.000,418.500
color_2,1.630142241,3.153580322,468.000,417.500
color_2,1.631873623,3.285842043,469.000,415.000
color_2,1.633605005,3.418103764,470.000,412.500
color_2,1.635336388,3.550365485,471.000,410.000
color_2,1.63706777,3.656174861,472.000,408.000
color_2,1.638799152,3.656174861,473.000,408.000
color_2,1.640530535,3.814888927,474.000,405.000
color_2,1.642261917,3.973602992,475.000,402.000
color_2,1.643993299,4.132317057,476.000,399.000
color_2,1.645724682,4.132317057,477.000,399.000
color_2,1.647456064,4.238126434,478.000,397.000
color_2,1.649187447,4.370388155,479.000,394.500
color_2,1.650918829,4.502649875,480.000,392.000
color_2,1.652650211,4.608459252,481.000,390.000
color_2,1.654381594,4.634911596,482.000,389.500
color_3,1.001650445,0.005751363316,105.000,477.000
color_3,1.003381827,0.005751363316,106.000,477.000
color_3,1.005113209,0.005751363316,107.000,477.000
color_3,1.006844592,0.005751363316,108.000,477.000
color_3,1.008575974,0.005751363316,109.000,477.000
color_3,1.010307356,0.005751363316,110.000,477.000
color_3,1.012038739,0.005751363316,111.000,477.000
color_3,1.013770121,0.005751363316,112.000,477.000
color_3,1.015501503,0.005751363316,113.000,477.000
color_3,1.017232886,0.005751363316,114.000,477.000
color_3,1.018964268,0.03220370751,115.000,476.500
color_3,1.020695651,0.03220370751,116.000,476.500
color_3,1.022427033,0.08510839588,117.000,475.500
color_3,1.024158415,0.08510839588,118.000,475.500
color_3,1.025889798,12.72932892,119.000,236.500
color_3,1.02762118,12.72932892,120.000,236.500
color_3,1.029352562,12.72932892,121.000,236.500
color_3,1.031083945,12.72932892,122.000,236.500
color_3,1.032815327,12.72932892,123.000,236.500
color_3,1.034546709,12.72932892,124.000,236.500
color_3,1.036278092,12.17382969,125.000,247.000
color_3,1.038009474,12.17382969,126.000,247.000
color_3,1.039740856,12.17382969,127.000,247.000
color_3,1.041472239,12.67642423,128.000,237.500
color_3,1.043203621,12.64997189,129.000,238.000
color_3,1.044935004,12.62351954,130.000,238.500
color_3,1.046666386,12.62351954,131.000,238.500
color_3,1.048397768,12.78223361,132.000,235.500
color_3,1.050129151,12.72932892,133.000,236.500
color_3,1.051860533,12.5970672,134.000,239.000
color_3,1.053591915,12.57061485,135.000,239.500
color_3,1.055323298,12.49125782,136.000,241.000
color_3,1.05705468,12.30609141,137.000,244.500
color_3,1.058786062,0.1115607401,138.000,475.000
color_3,1.060517445,0.08510839588,139.000,475.500
color_3,1.062248827,0.08510839588,140.000,475.500
color_3,1.06398021,0.05865605169,141.000,476.000
color_3,1.065711592,0.03220370751,142.000,476.500
color_3,1.067442974,0.03220370751,143.000,476.500
color_3,1.069174357,0.03220370751,144.000,476.500
color_3,1.070905739,0.03220370751,145.000,476.500
color_3,1.072637121,0.03220370751,146.000,476.500
color_3,1.074368504,0.03220370751,147.000,476.500
color_3,1.076099886,0.03220370751,148.000,476.500
color_3,1.077831268,0.03220370751,149.000,476.500
color_3,1.079562651,0.03220370751,150.000,476.500
color_3,1.081294033,0.03220370751,151.000,476.500
color_3,1.083025415,0.03220370751,152.000,476.500
color_3,1.084756798,0.03220370751,153.000,476.500
color_3,1.08648818,0.03220370751,154.000,476.500
color_3,1.088219563,0.03220370751,155.000,476.500
color_3,1.089950945,0.03220370751,156.000,476.500
color_3,1.091682327,0.05865605169,157.000,476.000
color_3,1.09341371,0.05865605169,158.000,476.000
color_3,1.095145092,0.05865605169,159.000,476.000
color_3,1.096876474,0.05865605169,160.000,476.000
color_3,1.098607857,0.05865605169,161.000,476.000
color_3,1.100339239,0.05865605169,162.000,476.000
color_3,1.102070621,0.05865605169,163.000,476.000
color_3,1.103802004,12.75578126,164.000,236.000
color_3,1.105533386,12.75578126,165.000,236.000
color_3,1.107264768,12.75578126,166.000,236.000
color_3,1.108996151,12.75578126,167.000,236.000
color_3,1.110727533,12.75578126,168.000,236.000
color_3,1.112458916,12.75578126,169.000,236.000
color_3,1.114190298,12.38544844,170.000,243.000
color_3,1.11592168,12.22673438,171.000,246.000
color_3,1.117653063,12.22673438,172.000,246.000
color_3,1.119384445,12.17382969,173.000,247.000
color_3,1.121115827,0.1115607401,174.000,475.000
color_3,1.12284721,0.1115607401,175.000,475.000
color_3,1.124578592,0.1115607401,176.000,475.000
color_3,1.126309974,0.1115607401,177.000,475.000
color_3,1.128041357,0.1115607401,178.000,475.000
color_3,1.129772739,12.17382969,179.000,247.000
color_3,1.131504121,12.20028203,180.000,246.500
color_3,1.133235504,12.33254376,181.000,244.000
color_3,1.134966886,12.33254376,182.000,244.000
color_3,1.136698269,12.75578126,183.000,236.000
color_3,1.138429651,12.75578126,184.000,236.000
color_3,1.140161033,12.75578126,185.000,236.000
color_3,1.141892416,12.75578126,186.000,236.000
color_3,1.143623798,12.75578126,187.000,236.000
color_3,1.14535518,12.75578126,188.000,236.000
color_3,1.147086563,0.05865605169,189.000,476.000
color_3,1.148817945,0.05865605169,190.000,476.000
color_3,1.150549327,0.05865605169,191.000,476.000
color_3,1.15228071,0.05865605169,192.000,476.000
color_3,1.154012092,0.05865605169,193.000,476.000
color_3,1.155743474,0.05865605169,194.000,476.000
color_3,1.157474857,0.05865605169,195.000,476.000
color_3,1.159206239,0.05865605169,196.000,476.000
color_3,1.160937622,0.05865605169,197.000,476.000
color_3,1.162669004,0.05865605169,198.000,476.000
color_3,1.164400386,0.05865605169,199.000,476.000
color_3,1.166131769,0.05865605169,200.000,476.000
color_3,1.167863151,0.05865605169,201.000,476.000
color_3,1.169594533,0.05865605169,202.000,476.000
color_3,1.171325916,0.05865605169,203.000,476.000
color_3,1.173057298,0.08510839588,204.000,475.500
color_3,1.17478868,0.08510839588,205.000,475.500
color_3,1.176520063,0.08510839588,206.000,475.500
color_3,1.178251445,0.08510839588,207.000,475.500
color_3,1.179982827,0.08510839588,208.000,475.500
color_3,1.18171421,0.08510839588,209.000,475.500
color_3,1.183445592,0.08510839588,210.000,475.500
color_3,1.185176975,0.08510839588,211.000,475.500
color_3,1.186908357,0.08510839588,212.000,475.500
color_3,1.188639739,0.1115607401,213.000,475.000
color_3,1.190371122,0.1115607401,214.000,475.000
color_3,1.192102504,0.1115607401,215.000,475.000
color_3,1.193833886,0.1115607401,216.000,475.000
color_3,1.195565269,0.1115607401,217.000,475.000
color_3,1.197296651,0.1115607401,218.000,475.000
color_3,1.199028033,0.1115607401,219.000,475.000
color_3,1.200759416,0.1115607401,220.000,475.000
color_3,1.202490798,0.1115607401,221.000,475.000
color_3,1.204222181,0.1115607401,222.000,475.000
color_3,1.205953563,0.1115607401,223.000,475.000
color_3,1.207684945,0.1115607401,224.000,475.000
color_3,1.209416328,0.1115607401,225.000,475.000
color_3,1.21114771,0.1115607401,226.000,475.000
color_3,1.212879092,0.1115607401,227.000,475.000
color_3,1.214610475,0.1115607401,228.000,475.000
color_3,1.216341857,0.1115607401,229.000,475.000
color_3,1.218073239,0.1115607401,230.000,475.000
color_3,1.219804622,0.1115607401,231.000,475.000
color_3,1.221536004,0.1115607401,232.000,475.000
color_3,1.223267386,0.1115607401,233.000,475.000
color_3,1.224998769,0.1115607401,234.000,475.000
color_3,1.226730151,0.1115607401,235.000,475.000
color_3,1.228461534,0.1115607401,236.000,475.000
color_3,1.230192916,0.1115607401,237.000,475.000
color_3,1.231924298,0.1380130843,238.000,474.500
color_3,1.233655681,0.1380130843,239.000,474.500
color_3,1.235387063,0.1380130843,240.000,474.500
color_3,1.237118445,0.1380130843,241.000,474.500
color_3,1.238849828,0.1380130843,242.000,474.500
color_3,1.24058121,0.1115607401,243.000,475.000
color_3,1.242312592,0.1380130843,244.000,474.500
color_3,1.244043975,0.1380130843,245.000,474.500
color_3,1.245775357,0.1380130843,246.000,474.500
color_3,1.247506739,0.1380130843,247.000,474.500
color_3,1.249238122,0.1644654285,248.000,474.000
color_3,1.250969504,0.1644654285,249.000,474.000
color_3,1.252700887,0.1644654285,250.000,474.000
color_3,1.254432269,0.1644654285,251.000,474.000
color_3,1.256163651,0.1644654285,252.000,474.000
color_3,1.257895034,0.1644654285,253.000,474.000
color_3,1.259626416,0.1644654285,254.000,474.000
color_3,1.261357798,0.1644654285,255.000,474.000
color_3,1.263089181,0.1644654285,256.000,474.000
color_3,1.264820563,0.1644654285,257.000,474.000
color_3,1.266551945,0.1644654285,258.000,474.000
color_3,1.268283328,0.1644654285,259.000,474.000
color_3,1.27001471,0.1644654285,260.000,474.000
color_3,1.271746092,0.1644654285,261.000,474.000
color_3,1.273477475,0.1644654285,262.000,474.000
color_3,1.275208857,0.1644654285,263.000,474.000
color_3,1.27694024,0.1644654285,264.000,474.000
color_3,1.278671622,0.1644654285,265.000,474.000
color_3,1.280403004,0.1644654285,266.000,474.000
color_3,1.282134387,0.1644654285,267.000,474.000
color_3,1.283865769,0.1644654285,268.000,474.000
color_3,1.285597151,0.1644654285,269.000,474.000
color_3,1.287328534,0.1644654285,270.000,474.000
color_3,1.289059916,0.1644654285,271.000,474.000
color_3,1.290791298,0.1644654285,272.000,474.000
color_3,1.292522681,0.1644654285,273.000,474.000
color_3,1.294254063,0.1644654285,274.000,474.000
color_3,1.295985445,0.1644654285,275.000,474.000
color_3,1.297716828,0.1644654285,276.000,474.000
color_3,1.29944821,0.1909177726,277.000,473.500
color_3,1.301179593,0.2173701168,278.000,473.000
color_3,1.302910975,0.2173701168,279.000,473.000
color_3,1.304642357,0.2173701168,280.000,473.000
color_3,1.30637374,0.2173701168,281.000,473.000
color_3,1.308105122,0.1909177726,282.000,473.500
color_3,1.309836504,0.1909177726,283.000,473.500
color_3,1.311567887,0.1909177726,284.000,473.500
color_3,1.313299269,0.1909177726,285.000,473.500
color_3,1.315030651,0.1909177726,286.000,473.500
color_3,1.316762034,0.243822461,287.000,472.500
color_3,1.318493416,0.243822461,288.000,472.500
color_3,1.320224798,0.243822461,289.000,472.500
color_3,1.321956181,0.2173701168,290.000,473.000
color_3,1.323687563,0.2173701168,291.000,473.000
color_3,1.325418946,0.2173701168,292.000,473.000
color_3,1.327150328,0.2173701168,293.000,473.000
color_3,1.32888171,0.2173701168,294.000,473.000
color_3,1.330613093,0.2173701168,295.000,473.000
color_3,1.332344475,0.2173701168,296.000,473.000
color_3,1.334075857,0.2173701168,297.000,473.000
color_3,1.33580724,0.2173701168,298.000,473.000
color_3,1.337538622,0.2173701168,299.000,473.000
color_3,1.339270004,0.2173701168,300.000,473.000
color_3,1.341001387,0.2173701168,301.000,473.000
color_3,1.342732769,0.2173701168,302.000,473.000
color_3,1.344464152,0.2173701168,303.000,473.000
color_3,1.346195534,0.243822461,304.000,472.500
color_3,1.347926916,0.2702748052,305.000,472.000
color_3,1.349658299,0.2702748052,306.000,472.000
color_3,1.351389681,0.2702748052,307.000,472.000
color_3,1.353121063,0.2702748052,308.000,472.000
color_3,1.354852446,0.2702748052,309.000,472.000
color_3,1.356583828,0.2702748052,310.000,472.000
color_3,1.35831521,0.2702748052,311.000,472.000
color_3,1.360046593,0.2702748052,312.000,472.000
color_3,1.361777975,0.2702748052,313.000,472.000
color_3,1.363509357,0.2702748052,314.000,472.000
color_3,1.36524074,0.2702748052,315.000,472.000
color_3,1.366972122,0.2702748052,316.000,472.000
color_3,1.368703505,0.2702748052,317.000,472.000
color_3,1.370434887,0.2702748052,318.000,472.000
color_3,1.372166269,0.2702748052,319.000,472.000
color_3,1.373897652,0.2967271494,320.000,471.500
color_3,1.375629034,0.2967271494,321.000,471.500
color_3,1.377360416,0.2967271494,322.000,471.500
color_3,1.379091799,0.3231794936,323.000,471.000
color_3,1.380823181,0.3231794936,324.000,471.000
color_3,1.382554563,0.3231794936,325.000,471.000
color_3,1.384285946,0.3231794936,326.000,471.000
color_3,1.386017328,0.3231794936,327.000,471.000
color_3,1.38774871,0.3231794936,328.000,471.000
color_3,1.389480093,0.3231794936,329.000,471.000
color_3,1.391211475,0.3231794936,330.000,471.000
color_3,1.392942858,0.3496318378,331.000,470.500
color_3,1.39467424,0.3496318378,332.000,470.500
color_3,1.396405622,0.4025365262,333.000,469.500
color_3,1.398137005,0.4025365262,334.000,469.500
color_3,1.399868387,0.4025365262,335.000,469.500
color_3,1.401599769,0.4025365262,336.000,469.500
color_3,1.403331152,0.4025365262,337.000,469.500
color_3,1.405062534,0.4025365262,338.000,469.500
color_3,1.406793916,0.4025365262,339.000,469.500
color_3,1.408525299,0.4025365262,340.000,469.500
color_3,1.410256681,0.4025365262,341.000,469.500
color_3,1.411988063,0.4289888703,342.000,469.000
color_3,1.413719446,0.4818935587,343.000,468.000
color_3,1.415450828,0.4818935587,344.000,468.000
color_3,1.417182211,0.4818935587,345.000,468.000
color_3,1.418913593,0.4818935587,346.000,468.000
color_3,1.420644975,0.4818935587,347.000,468.000
color_3,1.422376358,0.4818935587,348.000,468.000
color_3,1.42410774,0.4818935587,349.000,468.000
color_3,1.425839122,0.4818935587,350.000,468.000
color_3,1.427570505,0.4818935587,351.000,468.000
color_3,1.429301887,0.5083459029,352.000,467.500
color_3,1.431033269,0.5347982471,353.000,467.000
color_3,1.432764652,0.5347982471,354.000,467.000
color_3,1.434496034,0.5347982471,355.000,467.000
color_3,1.436227416,0.5347982471,356.000,467.000
color_3,1.437958799,0.5347982471,357.000,467.000
color_3,1.439690181,0.5347982471,358.000,467.000
color_3,1.441421564,0.5347982471,359.000,467.000
color_3,1.443152946,0.5612505913,360.000,466.500
color_3,1.444884328,0.5612505913,361.000,466.500
color_3,1.446615711,0.5612505913,362.000,466.500
color_3,1.448347093,0.6141552797,363.000,465.500
color_3,1.450078475,0.6141552797,364.000,465.500
color_3,1.451809858,0.6141552797,365.000,465.500
color_3,1.45354124,0.6406076239,366.000,465.000
color_3,1.455272622,0.6406076239,367.000,465.000
color_3,1.457004005,0.667059968,368.000,464.500
color_3,1.458735387,0.667059968,369.000,464.500
color_3,1.460466769,0.667059968,370.000,464.500
color_3,1.462198152,0.6935123122,371.000,464.000
color_3,1.463929534,0.7464170006,372.000,463.000
color_3,1.465660917,0.7464170006,373.000,463.000
color_3,1.467392299,0.7464170006,374.000,463.000
color_3,1.469123681,0.7728693448,375.000,462.500
color_3,1.470855064,0.799321689,376.000,462.000
color_3,1.472586446,0.799321689,377.000,462.000
color_3,1.474317828,0.799321689,378.000,462.000
color_3,1.476049211,0.8522263774,379.000,461.000
color_3,1.477780593,0.8522263774,380.000,461.000
color_3,1.479511975,0.8786787216,381.000,460.500
color_3,1.481243358,0.9315834099,382.000,459.500
color_3,1.48297474,0.9315834099,383.000,459.500
color_3,1.484706123,0.9580357541,384.000,459.000
color_3,1.486437505,0.9844880983,385.000,458.500
color_3,1.488168887,0.9844880983,386.000,458.500
color_3,1.48990027,1.037392787,387.000,457.500
color_3,1.491631652,1.037392787,388.000,457.500
color_3,1.493363034,1.037392787,389.000,457.500
color_3,1.495094417,1.090297475,390.000,456.500
color_3,1.496825799,1.090297475,391.000,456.500
color_3,1.498557181,1.143202163,392.000,455.500
color_3,1.500288564,1.143202163,393.000,455.500
color_3,1.502019946,1.169654508,394.000,455.000
color_3,1.503751328,1.222559196,395.000,454.000
color_3,1.505482711,1.222559196,396.000,454.000
color_3,1.507214093,1.222559196,397.000,454.000
color_3,1.508945476,1.275463884,398.000,453.000
color_3,1.510676858,1.328368573,399.000,452.000
color_3,1.51240824,1.354820917,400.000,451.500
color_3,1.514139623,1.407725605,401.000,450.500
color_3,1.515871005,1.43417795,402.000,450.000
color_3,1.517602387,1.487082638,403.000,449.000
color_3,1.51933377,1.513534982,404.000,448.500
color_3,1.521065152,1.56643967,405.000,447.500
color_3,1.522796534,1.56643967,406.000,447.500
color_3,1.524527917,1.592892015,407.000,447.000
color_3,1.526259299,1.645796703,408.000,446.000
color_3,1.527990681,1.698701391,409.000,445.000
color_3,1.529722064,1.75160608,410.000,444.000
color_3,1.531453446,1.778058424,411.000,443.500
color_3,1.533184829,1.804510768,412.000,443.000
color_3,1.534916211,1.857415457,413.000,442.000
color_3,1.536647593,1.910320145,414.000,441.000
color_3,1.538378976,1.989677178,415.000,439.500
color_3,1.540110358,2.016129522,416.000,439.000
color_3,1.54184174,2.06903421,417.000,438.000
color_3,1.543573123,2.121938898,418.000,437.000
color_3,1.545304505,2.201295931,419.000,435.500
color_3,1.547035887,2.280652964,420.000,434.000
color_3,1.54876727,2.280652964,421.000,434.000
color_3,1.550498652,2.333557652,422.000,433.000
color_3,1.552230034,2.38646234,423.000,432.000
color_3,1.553961417,2.492271717,424.000,430.000
color_3,1.555692799,2.545176405,425.000,429.000
color_3,1.557424182,2.57162875,426.000,428.500
color_3,1.559155564,2.598081094,427.000,428.000
color_3,1.560886946,2.756795159,428.000,425.000
color_3,1.562618329,2.809699847,429.000,424.000
color_3,1.564349711,2.809699847,430.000,424.000
color_3,1.566081093,2.915509224,431.000,422.000
color_3,1.567812476,3.021318601,432.000,420.000
color_3,1.569543858,3.074223289,433.000,419.000
color_3,1.57127524,3.180032666,434.000,417.000
color_3,1.573006623,3.20648501,435.000,416.500
color_3,1.574738005,3.285842043,436.000,415.000
color_3,1.576469387,3.338746731,437.000,414.000
color_3,1.57820077,3.418103764,438.000,412.500
color_3,1.579932152,3.550365485,439.000,410.000
color_3,1.581663535,3.550365485,440.000,410.000
color_3,1.583394917,3.603270173,441.000,409.000
color_3,1.585126299,3.735531894,442.000,406.500
color_3,1.586857682,3.867793615,443.000,404.000
color_3,1.588589064,3.894245959,444.000,403.500
color_3,1.590320446,3.973602992,445.000,402.000
color_3,1.592051829,4.105864713,446.000,399.500
color_3,1.593783211,4.158769401,447.000,398.500
color_3,1.595514593,4.317483466,448.000,395.500
color_3,1.597245976,4.317483466,449.000,395.500
color_3,1.598977358,4.423292843,450.000,393.500
color_3,1.60070874,4.582006908,451.000,390.500
color_3,1.602440123,4.740720973,452.000,387.500
color_3,1.604171505,4.84653035,453.000,385.500
color_3,1.605902888,4.84653035,454.000,385.500
color_3,1.60763427,5.005244415,455.000,382.500
color_3,1.609365652,5.084601448,456.000,381.000
color_3,1.611097035,5.190410824,457.000,379.000
color_3,1.612828417,5.322672545,458.000,376.500
color_3,1.614559799,5.402029578,459.000,375.000
color_3,1.616291182,5.534291299,460.000,372.500
color_3,1.618022564,5.66655302,461.000,370.000
color_3,1.619753946,5.772362397,462.000,368.000
color_3,1.621485329,5.798814741,463.000,367.500
color_3,1.623216711,5.931076462,464.000,365.000
color_3,1.624948094,6.063338183,465.000,362.500
color_3,1.626679476,6.248504592,466.000,359.000
color_3,1.628410858,6.30140928,467.000,358.000
color_3,1.630142241,6.460123346,468.000,355.000
color_3,1.631873623,6.539480378,469.000,353.500
color_3,1.633605005,6.698194443,470.000,350.500
color_3,1.635336388,6.80400382,471.000,348.500
color_3,1.63706777,6.936265541,472.000,346.000
color_3,1.638799152,6.962717885,473.000,345.500
color_3,1.640530535,7.12143195,474.000,342.500
color_3,1.642261917,7.333050704,475.000,338.500
color_3,1.643993299,7.412407736,476.000,337.000
color_3,1.645724682,7.465312425,477.000,336.000
color_3,1.647456064,7.62402649,478.000,333.000
color_3,1.649187447,7.782740555,479.000,330.000
color_3,1.650918829,7.915002276,480.000,327.500
color_3,1.652650211,8.073716341,481.000,324.500
color_3,1.654381594,8.100168685,482.000,324.000
color_3,1.656112976,8.311787439,483.000,320.000
color_3,1.657844358,8.417596816,484.000,318.000
color_3,1.659575741,8.576310881,485.000,315.000
color_3,1.661307123,8.629215569,486.000,314.000
color_3,1.663038505,8.787929634,487.000,311.000
color_3,1.664769888,8.920191355,488.000,308.500
color_3,1.66650127,9.105357764,489.000,305.000
color_3,1.668232652,9.290524174,490.000,301.500
color_3,1.669964035,9.396333551,491.000,299.500
color_3,1.671695417,9.449238239,492.000,298.500
color_3,1.6734268,9.660856992,493.000,294.500
color_3,1.675158182,9.872475746,494.000,290.500
color_3,1.676889564,9.978285123,495.000,288.500
color_3,1.678620947,10.00473747,496.000,288.000
color_3,1.680352329,10.18990388,497.000,284.500
color_3,1.682083711,10.3221656,498.000,282.000
color_3,1.683815094,10.42797497,499.000,280.000
color_3,1.685546476,10.53378435,500.000,278.000
color_3,1.687277858,10.71895076,501.000,274.500
color_3,1.689009241,10.90411717,502.000,271.000
color_3,1.690740623,11.08928358,503.000,267.500
color_3,1.692472005,11.2215453,504.000,265.000
color_3,1.694203388,11.24799764,505.000,264.500
color_3,1.69593477,11.40671171,506.000,261.500
color_3,1.697666153,11.67123515,507.000,256.500
color_3,1.699397535,11.80349687,508.000,254.000
color_3,1.701128917,12.01511563,509.000,250.000
color_3,1.7028603,12.04156797,510.000,249.500
color_3,1.704591682,12.25318672,511.000,245.500
color_3,1.706323064,12.38544844,512.000,243.000
color_3,1.708054447,12.5970672,513.000,239.000
color_3,1.709785829,12.75578126,514.000,236.000
color_3,1.711517211,12.80868595,515.000,235.000
color_3,1.713248594,12.96740002,516.000,232.000
color_3,1.714979976,13.20547111,517.000,227.500
color_3,1.716711358,13.46999456,518.000,222.500
color_3,1.718442741,13.46999456,519.000,222.500
color_3,1.720174123,13.57580393,520.000,220.500
color_3,1.721905506,13.76097034,521.000,217.000
color_3,1.723636888,13.9725891,522.000,213.000
color_3,1.72536827,14.10485082,523.000,210.500
color_3,1.727099653,14.21066019,524.000,208.500
color_3,1.728831035,14.42227895,525.000,204.500
color_3,1.730562417,14.58099301,526.000,201.500
color_3,1.7322938,14.76615942,527.000,198.000
color_3,1.734025182,14.97777817,528.000,194.000
color_3,1.735756564,15.03068286,529.000,193.000
color_3,1.737487947,15.21584927,530.000,189.500
color_3,1.739219329,15.45392037,531.000,185.000
color_3,1.740950711,15.63908678,532.000,181.500
color_3,1.742682094,15.66553912,533.000,181.000
color_3,1.744413476,15.82425319,534.000,178.000
color_3,1.746144859,15.90361022,535.000,176.500
color_3,1.747876241,16.14168132,536.000,172.000
color_3,1.749607623,16.35330007,537.000,168.000
color_3,1.751339006,16.37975242,538.000,167.500
color_3,1.753070388,16.59137117,539.000,163.500
color_3,1.75480177,16.80298992,540.000,159.500
color_3,1.756533153,17.06751337,541.000,154.500
color_3,1.758264535,17.12041805,542.000,153.500
color_3,1.759995917,17.27913212,543.000,150.500
color_3,1.7617273,17.46429853,544.000,147.000
color_3,1.763458682,17.62301259,545.000,144.000
color_3,1.765190065,17.83463135,546.000,140.000
color_3,1.766921447,18.0462501,547.000,136.000
color_3,1.768652829,18.09915479,548.000,135.000
color_3,1.770384212,18.31077354,549.000,131.000
color_3,1.772115594,18.62820167,550.000,125.000
color_3,1.773846976,18.76046339,551.000,122.500
color_3,1.775578359,18.78691574,552.000,122.000
color_3,1.777309741,18.97208215,553.000,118.500
color_3,1.779041123,19.15724856,554.000,115.000
color_3,1.780772506,19.36886731,555.000,111.000
color_3,1.782503888,19.52758138,556.000,108.000
color_3,1.78423527,19.60693841,557.000,106.500
color_3,1.785966653,19.84500951,558.000,102.000
color_3,1.787698035,20.00372357,559.000,99.000
color_3,1.789429418,20.18888998,560.000,95.500
color_3,1.7911608,20.21534232,561.000,95.000
color_3,1.792892182,20.45341342,562.000,90.500
color_3,1.794623565,20.63857983,563.000,87.000
color_3,1.796354947,20.90310327,564.000,82.000
color_3,1.798086329,21.08826968,565.000,78.500
color_3,1.799817712,21.19407906,566.000,76.500
color_3,1.801549094,21.37924547,567.000,73.000
color_3,1.803280476,21.59086422,568.000,69.000
color_3,1.805011859,21.77603063,569.000,65.500
color_3,1.806743241,22.01410173,570.000,61.000
color_3,1.808474623,22.04055407,571.000,60.500
color_3,1.810206006,22.25217283,572.000,56.500
color_3,1.811937388,22.46379158,573.000,52.500
color_3,1.813668771,22.70186268,574.000,48.000
color_3,1.815400153,22.75476737,575.000,47.000
color_3,1.817131535,22.93993378,576.000,43.500
color_3,1.818862918,23.17800487,577.000,39.000
color_3,1.8205943,23.36317128,578.000,35.500
color_3,1.822325682,23.57479004,579.000,31.500
color_3,1.824057065,23.60124238,580.000,31.000
color_3,1.825788447,23.78640879,581.000,27.500
color_3,1.827519829,24.05093223,582.000,22.500
color_3,1.829251212,24.28900333,583.000,18.000
color_3,1.830982594,24.50062208,584.000,14.000
color_3,1.832713976,24.52707443,585.000,13.500
color_3,1.834445359,24.68578849,586.000,10.500
color_3,1.836176741,24.76514552,587.000,9.000
color_3,1.837908124,24.8709549,588.000,7.000
color_4,1.038009474,-0.1000580134,126.000,479.000
color_4,1.039740856,-0.1000580134,127.000,479.000
color_4,1.041472239,-0.1000580134,128.000,479.000
color_4,1.043203621,-0.1000580134,129.000,479.000
color_4,1.044935004,-0.1000580134,130.000,479.000
color_4,1.046666386,-0.1000580134,131.000,479.000
color_4,1.048397768,-0.1000580134,132.000,479.000
color_4,1.050129151,-0.1000580134,133.000,479.000
color_4,1.051860533,-0.1000580134,134.000,479.000
color_4,1.053591915,-0.1000580134,135.000,479.000
color_4,1.055323298,-0.1000580134,136.000,479.000
color_4,1.05705468,-0.1000580134,137.000,479.000
color_4,1.058786062,-0.1000580134,138.000,479.000
color_4,1.060517445,-0.1000580134,139.000,479.000
color_4,1.062248827,-0.1000580134,140.000,479.000
color_4,1.06398021,-0.1000580134,141.000,479.000
color_4,1.065711592,-0.1000580134,142.000,479.000
color_4,1.067442974,-0.1000580134,143.000,479.000
color_4,1.069174357,-0.1000580134,144.000,479.000
color_4,1.070905739,-0.1000580134,145.000,479.000
color_4,1.072637121,-0.1000580134,146.000,479.000
color_4,1.074368504,-0.1000580134,147.000,479.000
color_4,1.076099886,-0.1000580134,148.000,479.000
color_4,1.077831268,-0.1000580134,149.000,479.000
color_4,1.079562651,-0.1000580134,150.000,479.000
color_4,1.081294033,-0.1000580134,151.000,479.000
color_4,1.083025415,-0.1000580134,152.000,479.000
color_4,1.084756798,-0.1000580134,153.000,479.000
color_4,1.08648818,-0.1000580134,154.000,479.000
color_4,1.088219563,-0.1000580134,155.000,479.000
color_4,1.089950945,-0.1000580134,156.000,479.000
color_4,1.091682327,-0.1000580134,157.000,479.000
color_4,1.09341371,-0.1000580134,158.000,479.000
color_4,1.095145092,-0.1000580134,159.000,479.000
color_4,1.096876474,-0.1000580134,160.000,479.000
color_4,1.098607857,-0.1000580134,161.000,479.000
color_4,1.100339239,-0.1000580134,162.000,479.000
color_4,1.102070621,-0.1000580134,163.000,479.000
color_4,1.103802004,-0.1000580134,164.000,479.000
color_4,1.105533386,-0.1000580134,165.000,479.000
color_4,1.107264768,-0.1000580134,166.000,479.000
color_4,1.108996151,-0.1000580134,167.000,479.000
color_4,1.110727533,-0.1000580134,168.000,479.000
color_4,1.112458916,-0.1000580134,169.000,479.000
color_4,1.114190298,-0.1000580134,170.000,479.000
color_4,1.11592168,-0.1000580134,171.000,479.000
color_4,1.117653063,-0.1000580134,172.000,479.000
color_4,1.119384445,-0.1000580134,173.000,479.000
color_4,1.121115827,-0.1000580134,174.000,479.000
color_4,1.12284721,-0.1000580134,175.000,479.000
color_4,1.124578592,-0.1000580134,176.000,479.000
color_4,1.126309974,-0.1000580134,177.000,479.000
color_4,1.128041357,-0.1000580134,178.000,479.000
color_4,1.129772739,-0.1000580134,179.000,479.000
color_4,1.131504121,-0.1000580134,180.000,479.000
color_4,1.133235504,-0.1000580134,181.000,479.000
color_4,1.134966886,-0.1000580134,182.000,479.000
color_4,1.136698269,-0.1000580134,183.000,479.000
color_4,1.138429651,-0.1000580134,184.000,479.000
color_4,1.140161033,-0.1000580134,185.000,479.000
color_4,1.141892416,-0.1000580134,186.000,479.000
color_4,1.143623798,-0.1000580134,187.000,479.000
color_4,1.14535518,-0.1000580134,188.000,479.000
color_4,1.147086563,-0.1000580134,189.000,479.000
color_4,1.148817945,-0.1000580134,190.000,479.000
color_4,1.150549327,-0.1000580134,191.000,479.000
color_4,1.15228071,-0.1000580134,192.000,479.000
color_4,1.154012092,-0.1000580134,193.000,479.000
color_4,1.155743474,-0.1000580134,194.000,479.000
color_4,1.157474857,-0.1000580134,195.000,479.000
color_4,1.159206239,-0.1000580134,196.000,479.000
color_4,1.160937622,-0.1000580134,197.000,479.000
color_4,1.162669004,-0.1000580134,198.000,479.000
color_4,1.164400386,-0.1000580134,199.000,479.000
color_4,1.166131769,-0.1000580134,200.000,479.000
color_4,1.167863151,-0.1000580134,201.000,479.000
color_4,1.169594533,-0.1000580134,202.000,479.000
color_4,1.171325916,-0.1000580134,203.000,479.000
color_4,1.173057298,-0.1000580134,204.000,479.000
color_4,1.17478868,-0.1000580134,205.000,479.000
color_4,1.176520063,-0.1000580134,206.000,479.000
color_4,1.178251445,-0.1000580134,207.000,479.000
color_4,1.179982827,-0.1000580134,208.000,479.000
color_4,1.18171421,-0.1000580134,209.000,479.000
color_4,1.183445592,-0.1000580134,210.000,479.000
color_4,1.185176975,-0.1000580134,211.000,479.000
color_4,1.186908357,-0.1000580134,212.000,479.000
color_4,1.188639739,-0.1000580134,213.000,479.000
color_4,1.190371122,-0.1000580134,214.000,479.000
color_4,1.192102504,-0.1000580134,215.000,479.000
color_4,1.193833886,-0.1000580134,216.000,479.000
color_4,1.195565269,-0.1000580134,217.000,479.000
color_4,1.197296651,-0.1000580134,218.000,479.000
color_4,1.199028033,-0.1000580134,219.000,479.000
color_4,1.200759416,-0.1000580134,220.000,479.000
color_4,1.202490798,-0.07360566925,221.000,478.500
color_4,1.204222181,-0.04715332506,222.000,478.000
color_4,1.205953563,-0.04715332506,223.000,478.000
color_4,1.207684945,-0.04715332506,224.000,478.000
color_4,1.209416328,-0.04715332506,225.000,478.000
color_4,1.21114771,-0.04715332506,226.000,478.000
color_4,1.212879092,-0.04715332506,227.000,478.000
color_4,1.214610475,-0.04715332506,228.000,478.000
color_4,1.216341857,-0.04715332506,229.000,478.000
color_4,1.218073239,-0.04715332506,230.000,478.000
color_4,1.219804622,-0.04715332506,231.000,478.000
color_4,1.221536004,-0.04715332506,232.000,478.000
color_4,1.223267386,-0.04715332506,233.000,478.000
color_4,1.224998769,-0.04715332506,234.000,478.000
color_4,1.226730151,-0.04715332506,235.000,478.000
color_4,1.228461534,-0.04715332506,236.000,478.000
color_4,1.230192916,-0.04715332506,237.000,478.000
color_4,1.231924298,-0.04715332506,238.000,478.000
color_4,1.233655681,-0.04715332506,239.000,478.000
color_4,1.235387063,-0.04715332506,240.000,478.000
color_4,1.237118445,-0.04715332506,241.000,478.000
color_4,1.238849828,-0.04715332506,242.000,478.000
color_4,1.24058121,-0.04715332506,243.000,478.000
color_4,1.242312592,-0.04715332506,244.000,478.000
color_4,1.244043975,-0.04715332506,245.000,478.000
color_4,1.245775357,-0.04715332506,246.000,478.000
color_4,1.247506739,-0.04715332506,247.000,478.000
color_4,1.249238122,-0.04715332506,248.000,478.000
color_4,1.250969504,-0.04715332506,249.000,478.000
color_4,1.252700887,-0.04715332506,250.000,478.000
color_4,1.254432269,-0.04715332506,251.000,478.000
color_4,1.256163651,-0.04715332506,252.000,478.000
color_4,1.257895034,-0.04715332506,253.000,478.000
color_4,1.259626416,-0.04715332506,254.000,478.000
color_4,1.261357798,-0.04715332506,255.000,478.000
color_4,1.263089181,0.005751363316,256.000,477.000
color_4,1.264820563,0.005751363316,257.000,477.000
color_4,1.266551945,0.005751363316,258.000,477.000
color_4,1.268283328,0.005751363316,259.000,477.000
color_4,1.27001471,0.005751363316,260.000,477.000
color_4,1.271746092,0.005751363316,261.000,477.000
color_4,1.273477475,0.005751363316,262.000,477.000
color_4,1.275208857,0.005751363316,263.000,477.000
color_4,1.27694024,0.005751363316,264.000,477.000
color_4,1.278671622,0.005751363316,265.000,477.000
color_4,1.280403004,0.005751363316,266.000,477.000
color_4,1.282134387,0.005751363316,267.000,477.000
color_4,1.283865769,0.005751363316,268.000,477.000
color_4,1.285597151,0.005751363316,269.000,477.000
color_4,1.287328534,0.005751363316,270.000,477.000
color_4,1.289059916,0.005751363316,271.000,477.000
color_4,1.290791298,0.005751363316,272.000,477.000
color_4,1.292522681,0.005751363316,273.000,477.000
color_4,1.294254063,0.005751363316,274.000,477.000
color_4,1.295985445,0.005751363316,275.000,477.000
color_4,1.297716828,0.005751363316,276.000,477.000
color_4,1.29944821,0.005751363316,277.000,477.000
color_4,1.301179593,0.005751363316,278.000,477.000
color_4,1.302910975,0.005751363316,279.000,477.000
color_4,1.304642357,0.005751363316,280.000,477.000
color_4,1.30637374,0.005751363316,281.000,477.000
color_4,1.308105122,0.005751363316,282.000,477.000
color_4,1.309836504,0.005751363316,283.000,477.000
color_4,1.311567887,0.005751363316,284.000,477.000
color_4,1.313299269,0.005751363316,285.000,477.000
color_4,1.315030651,0.005751363316,286.000,477.000
color_4,1.316762034,0.005751363316,287.000,477.000
color_4,1.318493416,0.03220370751,288.000,476.500
color_4,1.320224798,0.03220370751,289.000,476.500
color_4,1.321956181,0.03220370751,290.000,476.500
color_4,1.323687563,0.03220370751,291.000,476.500
color_4,1.325418946,0.03220370751,292.000,476.500
color_4,1.327150328,0.05865605169,293.000,476.000
color_4,1.32888171,0.05865605169,294.000,476.000
color_4,1.330613093,0.05865605169,295.000,476.000
color_4,1.332344475,0.05865605169,296.000,476.000
color_4,1.334075857,0.05865605169,297.000,476.000
color_4,1.33580724,0.05865605169,298.000,476.000
color_4,1.337538622,0.05865605169,299.000,476.000
color_4,1.339270004,0.05865605169,300.000,476.000
color_4,1.341001387,0.08510839588,301.000,475.500
color_4,1.342732769,0.08510839588,302.000,475.500
color_4,1.344464152,0.08510839588,303.000,475.500
color_4,1.346195534,0.08510839588,304.000,475.500
color_4,1.347926916,0.08510839588,305.000,475.500
color_4,1.349658299,0.08510839588,306.000,475.500
color_4,1.351389681,0.08510839588,307.000,475.500
color_4,1.353121063,0.08510839588,308.000,475.500
color_4,1.354852446,0.08510839588,309.000,475.500
color_4,1.356583828,0.1115607401,310.000,475.000
color_4,1.35831521,0.1380130843,311.000,474.500
color_4,1.360046593,0.1380130843,312.000,474.500
color_4,1.361777975,0.1380130843,313.000,474.500
color_4,1.363509357,0.1380130843,314.000,474.500
color_4,1.36524074,0.1380130843,315.000,474.500
color_4,1.366972122,0.1380130843,316.000,474.500
color_4,1.368703505,0.1380130843,317.000,474.500
color_4,1.370434887,0.1380130843,318.000,474.500
color_4,1.372166269,0.1644654285,319.000,474.000
color_4,1.373897652,0.1644654285,320.000,474.000
color_4,1.375629034,0.1644654285,321.000,474.000
color_4,1.377360416,0.1644654285,322.000,474.000
color_4,1.379091799,0.1644654285,323.000,474.000
color_4,1.380823181,0.1644654285,324.000,474.000
color_4,1.399868387,0.5083459029,335.000,467.500
color_4,1.401599769,0.5083459029,336.000,467.500
color_4,1.403331152,0.5083459029,337.000,467.500
color_4,1.405062534,0.5347982471,338.000,467.000
color_4,1.406793916,0.5612505913,339.000,466.500
color_4,1.408525299,0.6141552797,340.000,465.500
color_4,1.410256681,0.6141552797,341.000,465.500
color_4,1.411988063,0.6406076239,342.000,465.000
color_4,1.413719446,0.6406076239,343.000,465.000
color_4,1.415450828,0.6935123122,344.000,464.000
color_4,1.417182211,0.7199646564,345.000,463.500
color_4,1.418913593,0.7464170006,346.000,463.000
color_4,1.420644975,0.7728693448,347.000,462.500
color_4,1.422376358,0.799321689,348.000,462.000
color_4,1.42410774,0.8257740332,349.000,461.500
color_4,1.425839122,0.8522263774,350.000,461.000
color_4,1.427570505,0.8786787216,351.000,460.500
color_4,1.429301887,0.9051310658,352.000,460.000
color_4,1.431033269,0.9315834099,353.000,459.500
color_4,1.432764652,0.9844880983,354.000,458.500
color_4,1.434496034,0.9844880983,355.000,458.500
color_4,1.436227416,0.9844880983,356.000,458.500
color_4,1.437958799,0.9844880983,357.000,458.500
color_4,1.439690181,1.010940443,358.000,458.000
color_4,1.441421564,1.010940443,359.000,458.000
color_4,1.443152946,1.010940443,360.000,458.000
color_4,1.444884328,1.010940443,361.000,458.000
color_4,1.446615711,1.037392787,362.000,457.500
color_4,1.448347093,1.010940443,363.000,458.000
color_4,1.450078475,1.010940443,364.000,458.000
color_4,1.451809858,1.010940443,365.000,458.000
color_4,1.45354124,1.010940443,366.000,458.000
color_4,1.455272622,1.010940443,367.000,458.000
color_4,1.457004005,1.010940443,368.000,458.000
color_4,1.458735387,1.010940443,369.000,458.000
color_4,1.460466769,0.9844880983,370.000,458.500
color_4,1.462198152,0.9844880983,371.000,458.500
color_4,1.463929534,0.9844880983,372.000,458.500
color_4,1.465660917,0.9844880983,373.000,458.500
color_4,1.467392299,0.9844880983,374.000,458.500
color_4,1.469123681,0.9844880983,375.000,458.500
color_4,1.470855064,0.9580357541,376.000,459.000
color_4,1.472586446,0.9580357541,377.000,459.000
color_4,1.474317828,0.9580357541,378.000,459.000
color_4,1.476049211,0.9580357541,379.000,459.000
color_4,1.477780593,0.9580357541,380.000,459.000
color_4,1.488168887,0.8522263774,386.000,461.000
color_4,1.48990027,0.8522263774,387.000,461.000
color_4,1.491631652,0.8786787216,388.000,460.500
color_4,1.493363034,0.8786787216,389.000,460.500
color_4,1.495094417,0.8786787216,390.000,460.500
color_4,1.496825799,0.9051310658,391.000,460.000
color_4,1.498557181,0.9051310658,392.000,460.000
color_4,1.500288564,0.9051310658,393.000,460.000
color_4,1.502019946,0.9051310658,394.000,460.000
color_4,1.503751328,0.9051310658,395.000,460.000
color_4,1.505482711,0.9315834099,396.000,459.500
color_4,1.507214093,0.9315834099,397.000,459.500
color_4,1.508945476,0.9844880983,398.000,458.500
color_4,1.510676858,0.9844880983,399.000,458.500
color_4,1.51240824,0.9844880983,400.000,458.500
color_4,1.514139623,1.037392787,401.000,457.500
color_4,1.515871005,1.037392787,402.000,457.500
color_4,1.517602387,1.037392787,403.000,457.500
color_4,1.51933377,1.063845131,404.000,457.000
color_4,1.521065152,1.090297475,405.000,456.500
color_4,1.522796534,1.090297475,406.000,456.500
color_4,1.524527917,1.143202163,407.000,455.500
color_4,1.526259299,1.169654508,408.000,455.000
color_4,1.527990681,1.24901154,409.000,453.500
color_4,1.529722064,1.301916229,410.000,452.500
color_4,1.531453446,1.301916229,411.000,452.500
color_4,1.533184829,1.328368573,412.000,452.000
color_4,1.534916211,1.381273261,413.000,451.000
color_4,1.536647593,1.460630294,414.000,449.500
color_4,1.538378976,1.487082638,415.000,449.000
color_4,1.540110358,1.539987326,416.000,448.000
color_4,1.54184174,1.592892015,417.000,447.000
color_4,1.543573123,1.645796703,418.000,446.000
color_4,1.545304505,1.75160608,419.000,444.000
color_4,1.547035887,1.804510768,420.000,443.000
color_4,1.54876727,1.804510768,421.000,443.000
color_4,1.550498652,1.857415457,422.000,442.000
color_4,1.552230034,1.989677178,423.000,439.500
color_4,1.553961417,2.06903421,424.000,438.000
color_4,1.555692799,2.121938898,425.000,437.000
color_4,1.557424182,2.174843587,426.000,436.000
color_4,1.559155564,2.280652964,427.000,434.000
color_4,1.560886946,2.360009996,428.000,432.500
color_4,1.562618329,2.492271717,429.000,430.000
color_4,1.564349711,2.492271717,430.000,430.000
color_4,1.566081093,2.598081094,431.000,428.000
color_4,1.567812476,2.677438126,432.000,426.500
color_4,1.569543858,2.783247503,433.000,424.500
color_4,1.57127524,2.915509224,434.000,422.000
color_4,1.573006623,2.941961568,435.000,421.500
color_4,1.574738005,2.994866257,436.000,420.500
color_4,1.576469387,3.127127978,437.000,418.000
color_4,1.57820077,3.232937354,438.000,416.000
color_4,1.585126299,4.02650768,442.000,401.000
color_4,1.586857682,4.158769401,443.000,398.500
color_4,1.588589064,4.185221745,444.000,398.000
color_4,1.590320446,4.34393581,445.000,395.000
color_4,1.592051829,4.476197531,446.000,392.500
color_4,1.593783211,4.608459252,447.000,390.000
color_4,1.595514593,4.714268629,448.000,388.000
color_4,1.597245976,4.767173317,449.000,387.000
color_4,1.598977358,4.899435038,450.000,384.500
color_4,1.60070874,5.084601448,451.000,381.000
color_4,1.602440123,5.296220201,452.000,377.000
color_4,1.604171505,5.454934266,453.000,374.000
color_4,1.605902888,5.507838955,454.000,373.000
color_4,1.60763427,5.613648331,455.000,371.000
color_4,1.609365652,5.825267085,456.000,367.000
color_4,1.611097035,6.036885838,457.000,363.000
color_4,1.612828417,6.142695215,458.000,361.000
color_4,1.614559799,6.274956936,459.000,358.500
color_4,1.616291182,6.48657569,460.000,354.500
color_4,1.618022564,6.671742099,461.000,351.000
color_4,1.619753946,6.856908508,462.000,347.500
color_4,1.621485329,6.856908508,463.000,347.500
color_4,1.623216711,7.068527262,464.000,343.500
color_4,1.624948094,7.253693671,465.000,340.000
color_4,1.626679476,7.438860081,466.000,336.500
color_4,1.628410858,7.544669457,467.000,334.500
color_4,1.630142241,7.650478834,468.000,332.500
color_4,1.631873623,7.862097588,469.000,328.500
color_4,1.633605005,8.100168685,470.000,324.000
color_4,1.635336388,8.311787439,471.000,320.000
color_4,1.63706777,8.470501504,472.000,317.000
color_4,1.638799152,8.470501504,473.000,317.000
color_4,1.640530535,8.708572602,474.000,312.500
color_4,1.642261917,8.920191355,475.000,308.500
color_4,1.643993299,9.158262453,476.000,304.000
color_4,1.645724682,9.184714797,477.000,303.500
color_4,1.647456064,9.396333551,478.000,299.500
color_4,1.649187447,9.634404648,479.000,295.000
color_4,1.650918829,9.819571058,480.000,291.500
color_4,1.652650211,10.00473747,481.000,288.000
color_4,1.654381594,10.16345153,482.000,285.000
color_4,1.656112976,10.34861794,483.000,281.500
color_4,1.657844358,10.53378435,484.000,278.000
color_4,1.659575741,10.77185545,485.000,273.500
color_4,1.661307123,10.82476014,486.000,272.500
color_4,1.663038505,11.00992655,487.000,269.000
color_4,1.664769888,11.27444999,488.000,264.000
color_4,1.66650127,11.53897343,489.000,259.000
color_4,1.668232652,11.80349687,490.000,254.000
color_4,1.669964035,11.93575859,491.000,251.500
color_4,1.671695417,12.04156797,492.000,249.500
color_4,1.6734268,12.30609141,493.000,244.500
color_4,1.675158182,12.49125782,494.000,241.000
color_4,1.676889564,12.78223361,495.000,235.500
color_4,1.678620947,12.78223361,496.000,235.500
color_4,1.680352329,13.04675705,497.000,230.500
color_4,1.682083711,13.33773283,498.000,225.000
color_4,1.683815094,13.60225628,499.000,220.000
color_4,1.685546476,13.70806565,500.000,218.000
color_4,1.687277858,13.86677972,501.000,215.000
color_4,1.689009241,14.07839847,502.000,211.000
color_4,1.690740623,14.29001723,503.000,207.000
color_4,1.692472005,14.52808832,504.000,202.500
color_4,1.694203388,14.52808832,505.000,202.500
color_4,1.69593477,14.81906411,506.000,197.000
color_4,1.697666153,15.08358755,507.000,192.000
color_4,1.699397535,15.37456334,508.000,186.500
color_4,1.701128917,15.66553912,509.000,181.000
color_4,1.7028603,15.71844381,510.000,180.000
color_4,1.704591682,15.93006257,511.000,176.000
color_4,1.706323064,16.16813366,512.000,171.500
color_4,1.708054447,16.40620476,513.000,167.000
color_4,1.709785829,16.56491883,514.000,164.000
color_4,1.711517211,16.64427586,515.000,162.500
color_4,1.713248594,16.88234696,516.000,158.000
color_4,1.714979976,17.17332274,517.000,152.500
color_4,1.716711358,17.43784618,518.000,147.500
color_4,1.718442741,17.46429853,519.000,147.000
color_4,1.720174123,17.70236963,520.000,142.500
color_4,1.721905506,17.91398838,521.000,138.500
color_4,1.723636888,18.15205948,522.000,134.000
color_4,1.72536827,18.33722589,523.000,130.500
color_4,1.727099653,18.41658292,524.000,129.000
color_4,1.728831035,18.68110636,525.000,124.000
color_4,1.730562417,18.97208215,526.000,118.500
color_4,1.7322938,19.21015324,527.000,114.000
color_4,1.734025182,19.44822434,528.000,109.500
color_4,1.735756564,19.47467669,529.000,109.000
color_4,1.737487947,19.71274778,530.000,104.500
color_4,1.739219329,20.00372357,531.000,99.000
color_4,1.740950711,20.26824701,532.000,94.000
color_4,1.742682094,20.37405639,533.000,92.000
color_4,1.744413476,20.5592228,534.000,88.500
color_4,1.746144859,20.82374624,535.000,83.500
color_4,1.747876241,21.11472203,536.000,78.000
color_4,1.749607623,21.29988844,537.000,74.500
color_4,1.751339006,21.32634078,538.000,74.000
color_4,1.753070388,21.67022125,539.000,67.500
color_4,1.75480177,21.9347447,540.000,62.500
color_4,1.756533153,22.17281579,541.000,58.000
color_4,1.758264535,22.27862517,542.000,56.000
color_4,1.759995917,22.46379158,543.000,52.500
color_4,1.7617273,22.70186268,544.000,48.000
color_4,1.763458682,22.96638612,545.000,43.000
color_4,1.765190065,23.23090956,546.000,38.000
color_4,1.766921447,23.41607597,547.000,34.500
color_4,1.768652829,23.495433,548.000,33.000
color_4,1.770384212,23.78640879,549.000,27.500
color_4,1.772115594,24.02447989,550.000,23.000
color_4,1.773846976,24.36836036,551.000,16.500
color_4,1.775578359,24.39481271,552.000,16.000
color_4,1.777309741,24.57997912,553.000,12.500
color_4,1.779041123,24.73869318,554.000,9.500
color_4,1.780772506,24.89740725,555.000,6.500
color_5,1.001650445,0.1115607401,105.000,475.000
color_5,1.003381827,0.1115607401,106.000,475.000
color_5,1.005113209,0.1115607401,107.000,475.000
color_5,1.006844592,0.1115607401,108.000,475.000
color_5,1.008575974,0.1115607401,109.000,475.000
color_5,1.010307356,0.1115607401,110.000,475.000
color_5,1.012038739,0.1115607401,111.000,475.000
color_5,1.013770121,0.1115607401,112.000,475.000
color_5,1.015501503,0.1115607401,113.000,475.000
color_5,1.017232886,0.1115607401,114.000,475.000
color_5,1.018964268,0.1115607401,115.000,475.000
color_5,1.020695651,0.1115607401,116.000,475.000
color_5,1.022427033,0.1115607401,117.000,475.000
color_5,1.024158415,0.1115607401,118.000,475.000
color_5,1.025889798,0.1115607401,119.000,475.000
color_5,1.02762118,0.1115607401,120.000,475.000
color_5,1.029352562,0.1115607401,121.000,475.000
color_5,1.031083945,0.1115607401,122.000,475.000
color_5,1.032815327,0.1115607401,123.000,475.000
color_5,1.034546709,0.1115607401,124.000,475.000
color_5,1.036278092,0.1115607401,125.000,475.000
color_5,1.038009474,0.1115607401,126.000,475.000
color_5,1.039740856,0.1115607401,127.000,475.000
color_5,1.041472239,0.1115607401,128.000,475.000
color_5,1.043203621,0.1115607401,129.000,475.000
color_5,1.044935004,0.1115607401,130.000,475.000
color_5,1.046666386,0.1115607401,131.000,475.000
color_5,1.048397768,0.1115607401,132.000,475.000
color_5,1.050129151,0.1115607401,133.000,475.000
color_5,1.051860533,0.1115607401,134.000,475.000
color_5,1.053591915,0.1115607401,135.000,475.000
color_5,1.055323298,0.1115607401,136.000,475.000
color_5,1.05705468,0.1115607401,137.000,475.000
color_6,1.216341857,-0.1529627018,229.000,480.000
color_6,1.218073239,-0.1529627018,230.000,480.000
color_6,1.219804622,-0.1529627018,231.000,480.000
color_6,1.221536004,-0.1529627018,232.000,480.000
color_6,1.223267386,-0.1529627018,233.000,480.000
color_6,1.224998769,-0.1529627018,234.000,480.000
color_6,1.226730151,-0.1529627018,235.000,480.000
color_6,1.228461534,-0.1529627018,236.000,480.000
color_6,1.230192916,-0.1529627018,237.000,480.000
color_6,1.231924298,-0.1529627018,238.000,480.000
color_6,1.233655681,-0.1529627018,239.000,480.000
color_6,1.235387063,-0.1529627018,240.000,480.000
color_6,1.237118445,-0.1529627018,241.000,480.000
color_6,1.238849828,-0.1529627018,242.000,480.000
color_6,1.24058121,-0.1529627018,243.000,480.000
color_6,1.242312592,-0.1529627018,244.000,480.000
color_6,1.244043975,-0.1529627018,245.000,480.000
color_6,1.245775357,-0.1529627018,246.000,480.000
color_6,1.247506739,-0.1529627018,247.000,480.000
color_6,1.249238122,-0.1529627018,248.000,480.000
color_6,1.250969504,-0.1529627018,249.000,480.000
color_6,1.252700887,-0.1529627018,250.000,480.000
color_6,1.254432269,-0.1529627018,251.000,480.000
color_6,1.256163651,-0.1529627018,252.000,480.000
color_6,1.257895034,-0.1529627018,253.000,480.000
color_6,1.259626416,-0.1529627018,254.000,480.000
color_6,1.261357798,-0.1529627018,255.000,480.000
color_6,1.263089181,-0.1529627018,256.000,480.000
color_7,1.35831521,0.4289888703,311.000,469.000
color_7,1.360046593,0.4289888703,312.000,469.000
color_7,1.361777975,0.4289888703,313.000,469.000
color_7,1.363509357,0.4289888703,314.000,469.000
color_7,1.36524074,0.4289888703,315.000,469.000
color_7,1.366972122,0.4289888703,316.000,469.000
color_7,1.368703505,0.4289888703,317.000,469.000
color_7,1.370434887,0.4289888703,318.000,469.000
color_7,1.372166269,0.4818935587,319.000,468.000
color_7,1.373897652,0.4818935587,320.000,468.000
color_7,1.375629034,0.4818935587,321.000,468.000
color_7,1.377360416,0.4818935587,322.000,468.000
color_7,1.379091799,0.4818935587,323.000,468.000
color_7,1.380823181,0.5083459029,324.000,467.500
color_7,1.382554563,0.5083459029,325.000,467.500
color_7,1.384285946,0.5083459029,326.000,467.500
color_7,1.386017328,0.5083459029,327.000,467.500
color_7,1.38774871,0.5347982471,328.000,467.000
color_7,1.389480093,0.5612505913,329.000,466.500
color_7,1.391211475,0.5612505913,330.000,466.500
color_7,1.392942858,0.5877029355,331.000,466.000
color_7,1.39467424,0.6141552797,332.000,465.500
color_7,1.396405622,0.6406076239,333.000,465.000
color_7,1.398137005,0.667059968,334.000,464.500
color_7,1.399868387,0.7199646564,335.000,463.500
color_7,1.401599769,0.7199646564,336.000,463.500
color_7,1.403331152,0.7464170006,337.000,463.000
color_7,1.405062534,0.7728693448,338.000,462.500
color_7,1.406793916,0.8257740332,339.000,461.500
color_7,1.408525299,0.8522263774,340.000,461.000
color_7,1.410256681,0.8786787216,341.000,460.500
color_7,1.411988063,0.9580357541,342.000,459.000
color_7,1.413719446,0.9844880983,343.000,458.500
color_7,1.415450828,1.037392787,344.000,457.500
color_7,1.417182211,1.090297475,345.000,456.500
color_7,1.418913593,1.116749819,346.000,456.000
color_7,1.420644975,1.169654508,347.000,455.000
color_7,1.422376358,1.24901154,348.000,453.500
color_7,1.42410774,1.301916229,349.000,452.500
color_7,1.425839122,1.301916229,350.000,452.500
color_7,1.427570505,1.354820917,351.000,451.500
color_7,1.429301887,1.354820917,352.000,451.500
color_7,1.431033269,1.43417795,353.000,450.000
color_7,1.432764652,1.460630294,354.000,449.500
color_7,1.434496034,1.487082638,355.000,449.000
color_7,1.436227416,1.513534982,356.000,448.500
color_7,1.437958799,1.513534982,357.000,448.500
color_7,1.439690181,1.539987326,358.000,448.000
color_7,1.441421564,1.56643967,359.000,447.500
color_7,1.443152946,1.56643967,360.000,447.500
color_7,1.444884328,1.592892015,361.000,447.000
color_7,1.446615711,1.592892015,362.000,447.000
color_7,1.448347093,1.592892015,363.000,447.000
color_7,1.450078475,1.619344359,364.000,446.500
color_7,1.451809858,1.619344359,365.000,446.500
color_7,1.45354124,1.645796703,366.000,446.000
color_7,1.455272622,1.645796703,367.000,446.000
color_7,1.457004005,1.672249047,368.000,445.500
color_7,1.458735387,1.672249047,369.000,445.500
color_7,1.460466769,1.672249047,370.000,445.500
color_7,1.462198152,1.672249047,371.000,445.500
color_7,1.463929534,1.672249047,372.000,445.500
color_7,1.465660917,1.698701391,373.000,445.000
color_7,1.467392299,1.698701391,374.000,445.000
color_7,1.469123681,1.698701391,375.000,445.000
color_7,1.470855064,1.698701391,376.000,445.000
color_7,1.472586446,1.725153736,377.000,444.500
color_7,1.474317828,1.725153736,378.000,444.500
color_7,1.476049211,1.725153736,379.000,444.500
color_7,1.477780593,1.725153736,380.000,444.500
color_7,1.479511975,1.75160608,381.000,444.000
color_7,1.481243358,1.778058424,382.000,443.500
color_7,1.48297474,1.778058424,383.000,443.500
color_7,1.484706123,1.778058424,384.000,443.500
color_7,1.486437505,1.804510768,385.000,443.000
color_7,1.488168887,1.804510768,386.000,443.000
color_7,1.48990027,1.830963112,387.000,442.500
color_7,1.491631652,1.830963112,388.000,442.500
color_7,1.493363034,1.830963112,389.000,442.500
color_7,1.495094417,1.883867801,390.000,441.500
color_7,1.496825799,1.883867801,391.000,441.500
color_7,1.498557181,1.883867801,392.000,441.500
color_7,1.500288564,1.963224833,393.000,440.000
color_7,1.502019946,1.989677178,394.000,439.500
color_7,1.503751328,2.042581866,395.000,438.500
color_7,1.505482711,2.095486554,396.000,437.500
color_7,1.507214093,2.095486554,397.000,437.500
color_7,1.508945476,2.095486554,398.000,437.500
color_7,1.510676858,2.148391243,399.000,436.500
color_7,1.51240824,2.254200619,400.000,434.500
color_7,1.514139623,2.307105308,401.000,433.500
color_7,1.515871005,2.333557652,402.000,433.000
color_7,1.517602387,2.38646234,403.000,432.000
color_7,1.51933377,2.492271717,404.000,430.000
color_7,1.521065152,2.545176405,405.000,429.000
color_7,1.522796534,2.598081094,406.000,428.000
color_7,1.524527917,2.650985782,407.000,427.000
color_7,1.526259299,2.756795159,408.000,425.000
color_7,1.527990681,2.862604536,409.000,423.000
color_7,1.529722064,2.968413913,410.000,421.000
color_7,1.531453446,3.021318601,411.000,420.000
color_7,1.533184829,3.100675633,412.000,418.500
color_7,1.534916211,3.20648501,413.000,416.500
color_7,1.536647593,3.365199075,414.000,413.500
color_7,1.538378976,3.471008452,415.000,411.500
color_7,1.540110358,3.52391314,416.000,410.500
color_7,1.54184174,3.656174861,417.000,408.000
color_7,1.543573123,3.788436582,418.000,405.500
color_7,1.545304505,4.000055336,419.000,401.500
color_7,1.547035887,4.185221745,420.000,398.000
color_7,1.54876727,4.185221745,421.000,398.000
color_7,1.550498652,4.396840499,422.000,394.000
color_7,1.552230034,4.52910222,423.000,391.500
color_7,1.553961417,4.767173317,424.000,387.000
color_7,1.555692799,4.925887383,425.000,384.000
color_7,1.557424182,5.005244415,426.000,382.500
color_7,1.559155564,5.243315513,427.000,378.000
color_7,1.560886946,5.507838955,428.000,373.000
color_7,1.562618329,5.693005364,429.000,369.500
color_7,1.564349711,5.745910052,430.000,368.500
color_7,1.566081093,5.98398115,431.000,364.000
color_7,1.567812476,6.222052248,432.000,359.500
color_7,1.569543858,6.539480378,433.000,353.500
color_7,1.57127524,6.80400382,434.000,348.500
color_7,1.573006623,6.936265541,435.000,346.000
color_7,1.574738005,7.200788983,436.000,341.000
color_7,1.576469387,7.465312425,437.000,336.000
color_7,1.57820077,7.729835867,438.000,331.000
color_7,1.579932152,8.100168685,439.000,324.000
color_7,1.581663535,8.153073374,440.000,323.000
color_7,1.583394917,8.470501504,441.000,317.000
color_7,1.585126299,8.867286667,442.000,309.500
color_7,1.586857682,9.211167141,443.000,303.000
color_7,1.588589064,9.316976518,444.000,301.000
color_7,1.590320446,9.634404648,445.000,295.000
color_7,1.592051829,9.951832778,446.000,289.000
color_7,1.593783211,10.42797497,447.000,280.000
color_7,1.595514593,10.66604607,448.000,275.500
color_7,1.597245976,10.77185545,449.000,273.500
color_7,1.598977358,11.24799764,450.000,264.500
color_7,1.60070874,11.64478281,451.000,257.000
color_7,1.602440123,12.14737735,452.000,247.500
color_7,1.604171505,12.54416251,453.000,240.000
color_7,1.605902888,12.5970672,454.000,239.000
color_7,1.60763427,13.04675705,455.000,230.500
color_7,1.609365652,13.52289924,456.000,221.500
color_7,1.611097035,14.02549378,457.000,212.000
color_7,1.612828417,14.26356488,458.000,207.500
color_7,1.614559799,14.52808832,459.000,202.500
color_7,1.616291182,15.05713521,460.000,192.500
color_7,1.618022564,15.5332774,461.000,183.500
color_7,1.619753946,16.03587194,462.000,174.000
color_7,1.621485329,16.06232429,463.000,173.500
color_7,1.623216711,16.59137117,464.000,163.500
color_7,1.624948094,17.19977509,465.000,152.000
color_7,1.626679476,17.75527431,466.000,141.500
color_7,1.628410858,18.01979776,467.000,136.500
color_7,1.630142241,18.41658292,468.000,129.000
color_7,1.631873623,18.97208215,469.000,118.500
color_7,1.633605005,19.50112903,470.000,108.500
color_7,1.635336388,20.00372357,471.000,99.000
color_7,1.63706777,20.61212749,472.000,87.500
color_7,1.638799152,20.71793686,473.000,85.500
color_7,1.640530535,21.24698375,474.000,75.500
color_7,1.642261917,21.82893532,475.000,64.500
color_7,1.643993299,22.41088689,476.000,53.500
color_7,1.645724682,22.5960533,477.000,50.000
color_7,1.647456064,23.0721955,478.000,41.000
color_7,1.649187447,23.68059941,479.000,29.500
color_7,1.650918829,24.23609864,480.000,19.000
color_7,1.652650211,24.47416974,481.000,14.500
color_7,1.654381594,24.60643146,482.000,12.000
color_7,1.656112976,24.89740725,483.000,6.500
color_8,1.282134387,-0.1000580134,267.000,479.000
color_8,1.283865769,-0.1000580134,268.000,479.000
color_8,1.285597151,-0.1000580134,269.000,479.000
color_8,1.287328534,-0.1000580134,270.000,479.000
color_8,1.289059916,-0.1000580134,271.000,479.000
color_8,1.290791298,-0.1000580134,272.000,479.000
color_8,1.292522681,-0.1000580134,273.000,479.000
color_8,1.294254063,-0.1000580134,274.000,479.000
color_8,1.295985445,-0.1000580134,275.000,479.000
color_8,1.297716828,-0.1000580134,276.000,479.000
color_8,1.29944821,-0.1000580134,277.000,479.000
color_8,1.301179593,-0.1000580134,278.000,479.000
color_8,1.302910975,-0.1000580134,279.000,479.000
color_8,1.304642357,-0.1000580134,280.000,479.000
color_8,1.30637374,-0.1000580134,281.000,479.000
color_8,1.308105122,-0.1000580134,282.000,479.000
color_8,1.309836504,-0.1000580134,283.000,479.000
color_8,1.311567887,-0.1000580134,284.000,479.000
color_8,1.313299269,-0.1000580134,285.000,479.000
color_8,1.315030651,-0.1000580134,286.000,479.000
color_8,1.316762034,-0.1000580134,287.000,479.000
color_8,1.318493416,-0.1000580134,288.000,479.000
color_8,1.320224798,-0.1000580134,289.000,479.000
color_8,1.321956181,-0.1000580134,290.000,479.000
color_8,1.323687563,-0.1000580134,291.000,479.000
color_8,1.325418946,-0.1000580134,292.000,479.000
color_8,1.327150328,-0.1000580134,293.000,479.000
color_8,1.32888171,-0.1000580134,294.000,479.000
color_8,1.330613093,-0.1000580134,295.000,479.000
color_8,1.332344475,-0.1000580134,296.000,479.000
color_8,1.334075857,-0.04715332506,297.000,478.000
color_8,1.33580724,-0.04715332506,298.000,478.000
color_8,1.337538622,-0.04715332506,299.000,478.000
color_8,1.339270004,-0.04715332506,300.000,478.000
color_8,1.341001387,-0.04715332506,301.000,478.000
color_8,1.342732769,-0.04715332506,302.000,478.000
